id,link,title,price,tag,cpu_tech,cpu_type,ram,disk,screen_size,resolution,graphic_card,screen_port,keyboard_light,battery,weight,review_point,review_count,brand
204388,https://www.thegioididong.com/laptop/asus-gaming-rog-strix-g531g-i7-9750h-8gb-512gb-gtx,Asus Gaming ROG Strix G531G i7 9750H (AL017T),27990000,laptop-gaming,intel core i7 coffee lake,9750h,8 gb,ssd 512 gb m.2 pcie,15.6 inch,full hd (1920 x 1080),nvidia® geforce gtx™ 1650 4gb,"hdmi,",có,li - polymer 3 cell,2.4 kg,,,Asus
211633,https://www.thegioididong.com/laptop/asus-gaming-tuf-fx505d-r7-3750h-8gb-512gb-4gb-gtx1,Asus Gaming TUF FX505D R7 3750H (AL003T),22490000,laptop-gaming,amd ryzen 7,3750h,8 gb,ssd 512 gb m.2 pcie,15.6 inch,full hd (1920 x 1080),nvidia® geforce gtx™ 1650 4gb,",",có,li-ion 3 cell,2.2 kg,0,0,Asus
208859,https://www.thegioididong.com/laptop/lenovo-ideapad-l340-15irh-i5-9300h-8gb-1tb-3gb-gtx,Lenovo Ideapad L340 15IRH i5 9300H (81LK00FAVN),18490000,laptop-gaming,intel core i5 coffee lake,9300h,8 gb,hỗ trợ khe cắm ssd m.2 pcie,15.6 inch,full hd (1920 x 1080),"nvidia geforce gtx 1050, 3gb",",",có,li-ion 3 cell,2.15 kg,4.2,5,Lenovo
217394,https://www.thegioididong.com/laptop/lenovo-ideapad-l340-i7-81lk00vuvn,Lenovo IdeaPad L340 15IRH i7 9750H (81LK00VUVN),22490000,laptop-gaming,intel core i7 coffee lake,9750h,8 gb,ssd 512 gb m.2 pcie,15.6 inch,full hd (1920 x 1080),"nvidia geforce gtx 1050, 3gb",",",có,li-ion 3 cell,2.062 kg,,,Lenovo
210511,https://www.thegioididong.com/laptop/lenovo-ideapad-l340-15irh-i7-9750h-8gb-1tb-3gb-gtx,Lenovo IdeaPad L340 15IRH i7 9750H (81LK00FBVN),21290000,laptop-gaming,intel core i7 coffee lake,9750h,8 gb,hỗ trợ khe cắm ssd m.2 pcie,15.6 inch,full hd (1920 x 1080),"nvidia geforce gtx 1050, 3gb",",",có,li-ion 3 cell,2.14 kg,,,Lenovo
207697,https://www.thegioididong.com/laptop/acer-nitro-an515-54-52ez-i5-9300h-8gb-256gb-gtx165,Acer Nitro AN515 54 52EZ i5 9300H (NH.Q59SV.019),22990000,laptop-gaming,intel core i5 coffee lake,9300h,8 gb,ssd 256gb nvme pcie,15.6 inch,full hd (1920 x 1080),nvidia® geforce gtx™ 1650 4gb,",",có,li - polymer 4 cell,2.3 kg,3,1,Acer
205916,https://www.thegioididong.com/laptop/msi-gaming-gf63-9sc-i7-9750h-8gb-256gb-gtx1650-win,MSI Gaming 15 GF63 9SC i7 9750H (070VN),25490000,laptop-gaming,intel core i7 coffee lake,9750h,8 gb,ssd 256gb nvme pcie,15.6 inch,full hd (1920 x 1080),geforce® gtx 1650 max-q design,"hdmi,",có,li - polymer 3 cell,1.86 kg,0,0,MSI
210247,https://www.thegioididong.com/laptop/asus-gaming-rog-g531gd-i7-9750h-8gb-512gb-4gb-gtx1,Asus Gaming ROG Strix G531GD i7 9750H (AL034T),26490000,laptop-gaming,intel core i7 coffee lake,9750h,8 gb,ssd 512 gb m.2 pcie,15.6 inch,full hd (1920 x 1080),"nvidia geforce gtx 1050, 4gb",",",có,li-ion 3 cell,2.40 kg,3,1,Asus
204138,https://www.thegioididong.com/laptop/asus-fx505ge-bq052t,Asus Gaming FX505GE i5 8300H (BQ052T),22490000,laptop-gaming,intel core i5 coffee lake,8300h,8 gb,hỗ trợ khe cắm ssd m.2 pcie,15.6 inch,full hd (1920 x 1080),"nvidia geforce gtx 1050ti, 4gb","hdmi,",có,li-ion 3 cell,2.2 kg,5,1,Asus
202327,https://www.thegioididong.com/laptop/hp-pavilion-15-cx0182tx-i7-8750h-8gb-1tb-128gb-4gb,HP Palivion 15 cx0182TX i7 8750H (5EF46PA),29990000,laptop-gaming,intel core i7 coffee lake,8750h,8 gb,hdd: 1 tb,15.6 inch,full hd (1920 x 1080),"nvidia geforce gtx 1050ti, 4gb","hdmi,",có,li-ion 3 cell,2.17 kg,0,0,HP
204362,https://www.thegioididong.com/laptop/lenovo-legion-y530-i7-8750h-8gb-2tb-16gb-gtx-1050t,Lenovo Legion Y530 15 i7 8750H (81FV008LVN),27990000,laptop-gaming,intel core i7 coffee lake,8750h,8 gb,intel optane 16gb,15.6 inch,full hd (1920 x 1080),"nvidia geforce gtx 1050ti, 4gb",",",có,li - polymer 3 cell,2.3 kg,,,Lenovo
207553,https://www.thegioididong.com/laptop/acer-nitro-an515-54-71hs-i7-9750h-8gb-256gb-gtx165,Acer Nitro AN515 54 71HS i7 9750H (NH.Q59SV.018),25990000,laptop-gaming,intel core i7 coffee lake,9750h,8 gb,ssd 256gb nvme pcie,15.6 inch,full hd (1920 x 1080),nvidia® geforce gtx™ 1650 4gb,",",có,li - polymer 4 cell,2.3 kg,0,0,Acer
213527,https://www.thegioididong.com/laptop/lenovo-ideapad-l340-i5-81lk00vtvn,Lenovo IdeaPad L340 15IRH i5 9300H (81LK00VTVN),19490000,laptop-gaming,intel core i5 coffee lake,9300h,8 gb,ssd 512 gb m.2 pcie,15.6 inch,full hd (1920 x 1080),"nvidia geforce gtx 1050, 3gb",",",có,li-ion 3 cell,2.15 kg,,,Lenovo
209617,https://www.thegioididong.com/laptop/asus-rog-g531-i7-9750h-8gb-512gb-6gb-gtx2060-win10,Asus Gaming ROG Strix G531 i7 9750H (VAL218T),38990000,laptop-gaming,intel core i7 coffee lake,9750h,8 gb,ssd 512 gb m.2 pcie,15.6 inch,full hd (1920 x 1080),"nvidia® geforce rtx™ 2060, 6gb","hdmi,",có,li-ion 4 cell,2.4 kg,,,Asus
202329,https://www.thegioididong.com/laptop/hp-pavilion-15-cx0178tx-i7-8750h-8gb-128gb-1tb-4gb,HP Palivion 15 cx0178TX i7 8750H (5EF41PA),28690000,laptop-gaming,intel core i7 coffee lake,8750h,8 gb,hdd: 1 tb,15.6 inch,full hd (1920 x 1080),"nvidia geforce gtx 1050, 4gb","hdmi,",có,li-ion 3 cell,2.17 kg,0,0,HP
207744,https://www.thegioididong.com/laptop/lenovo-ideapad-s145-15iwl-i5-8265u-8gb-256gb-mx110,Lenovo ideapad S145 15IWL i5 8265U (81MV00T9VN),14790000,do-hoa-ky-thuat,intel core i5 coffee lake,8265u,8 gb,ssd: 256 gb m.2 sata3,15.6 inch,full hd (1920 x 1080),"nvidia geforce mx110, 2gb",",",không,li-ion 2 cell,1.73 kg,4.1,9,Lenovo
106875,https://www.thegioididong.com/laptop/apple-macbook-air-mqd32sa-a-i5-5350u,MacBook Air 2017 128GB (MQD32SA/A),19990000,do-hoa-ky-thuat,intel core i5 broadwell,hãng không công bố,8 gb,ssd: 128 gb,13.3 inch,wxga+(1440 x 900),intel hd graphics 6000,",",có,khoảng 12 giờ,1.35 kg,4.6,31,Macbook
207680,https://www.thegioididong.com/laptop/asus-vivobook-x509f-i7-8565u-8gb-mx230-win10-ej13,Asus VivoBook X509F i7 8565U (EJ133T),18990000,do-hoa-ky-thuat,intel core i7 coffee lake,8565u,8 gb,ssd 512 gb m.2 pcie,15.6 inch,full hd (1920 x 1080),nvidia geforce mx230 2gb,",",không,li-ion 2 cell,1.9 kg,4.9,7,Asus
207797,https://www.thegioididong.com/laptop/lenovo-ideapad-s145-15iwl-i7-8565u-8gb-512gb-mx110,Lenovo Ideapad S145 15IWL i7 8565U (81MV00TAVN),17790000,do-hoa-ky-thuat,intel core i7 coffee lake,8565u,8 gb,ssd 512 gb m.2 pcie,15.6 inch,full hd (1920 x 1080),"nvidia geforce mx110, 2gb",",",không,li-ion 2 cell,1.73 kg,3.5,2,Lenovo
207846,https://www.thegioididong.com/laptop/asus-vivobook-x509fj-ej132t,Asus VivoBook X509FJ i5 8265U (EJ132T),15490000,do-hoa-ky-thuat,intel core i5 coffee lake,8265u,8 gb,intel optane 16gb,15.6 inch,full hd (1920 x 1080),nvidia geforce mx230 2gb,",",không,li-ion 2 cell,1.8 kg,4.2,6,Asus
217270,https://www.thegioididong.com/laptop/hp-15s-du1039tx-i7-10510u-8gb-512gb-2gb-mx130-win1,HP 15s du1039TX i7 10510U (8RK39PA),18990000,do-hoa-ky-thuat,intel core i7 comet lake,10510u,8 gb,ssd 512 gb m.2 pcie,15.6 inch,full hd (1920 x 1080),"nvidia geforce mx130, 2gb",",",không,li-ion 3 cell,1.74 kg,,,HP
211877,https://www.thegioididong.com/laptop/asus-f571gd-i5-8300h-8gb-512gb-4gb-gtx1050-win10,Asus VivoBook Pro F571GD i5 8300H (BQ387T),19290000,do-hoa-ky-thuat,intel core i5 coffee lake,8300h,8 gb,ssd 512 gb m.2 pcie,15.6 inch,full hd (1920 x 1080),"nvidia geforce gtx 1050, 4gb",",",không,li-ion 3 cell,2.14 kg,4.8,4,Asus
212626,https://www.thegioididong.com/laptop/acer-aspire-a515-54g-51j3-i5-10210u-8gb-1tb-ssd-2g,Acer Aspire A515 54G 51J3 i5 10210U (NX.HN5SV.003),17490000,do-hoa-ky-thuat,intel core i5 comet lake,10210u,8 gb,"ssd 1024 gb m.2 pcie, hỗ trợ khe cắm hdd sata",15.6 inch,full hd (1920 x 1080),nvidia geforce mx250 2gb,",",có,li-ion 3 cell,1.7 kg,4,2,Acer
210082,https://www.thegioididong.com/laptop/hp-pavilion-14-ce2100tx-i5-8265u-8gb-16gb-1tb-2gb,HP Pavilion 14 ce2100TX i5 8265U (7YA48PA),17490000,do-hoa-ky-thuat,intel core i5 coffee lake,8265u,8 gb,intel optane 16gb,14 inch,full hd (1920 x 1080),"nvidia geforce mx130, 2gb","hdmi,",không,li-ion 3 cell,1.59 kg,5,2,HP
206297,https://www.thegioididong.com/laptop/asus-vivobook-a512f-i5-8265u-8gb-512gb-win10-ej22,Asus VivoBook A512F i5 8265U (EJ222T),17990000,do-hoa-ky-thuat,intel core i5 coffee lake,8265u,8 gb,ssd 512 gb m.2 pcie,15.6 inch,full hd (1920 x 1080),nvidia geforce mx250 2gb,",",không,li - polymer 2 cell,1.6 kg,5,2,Asus
203674,https://www.thegioididong.com/laptop/dell-vostro-3580-i7-8565u-8gb-256gb-win10-t3rmd2,Dell Vostro 3580 i7 8565U (T3RMD2),22390000,do-hoa-ky-thuat,intel core i7 coffee lake,8565u,8 gb,ssd 256gb nvme pcie,15.6 inch,full hd (1920 x 1080),"amd radeon 520, 2gb",",",không,li-ion 3 cell,2.21 kg,0,0,Dell
216291,https://www.thegioididong.com/laptop/hp-pavilion-15-cs3119tx-i5-1035g1-4gb-256gb-2gb-mx,HP Pavilion 15 cs3119TX i5 1035G1 (9FN16PA),16590000,do-hoa-ky-thuat,intel core i5 ice lake,1035g1,4 gb,ssd 256gb nvme pcie,15.6 inch,full hd (1920 x 1080),nvidia geforce mx250 2gb,",",không,li-ion 3 cell,1.755 kg,,,HP
209423,https://www.thegioididong.com/laptop/dell-vostro-3580-i5-8265u-4gb-1tb-2gb-amd520-win10,Dell Vostro 3580 i5 8265U (P75F010V80I),16190000,do-hoa-ky-thuat,intel core i5 coffee lake,8265u,4 gb,hỗ trợ khe cắm ssd m.2 pcie,15.6 inch,full hd (1920 x 1080),"amd radeon 520, 2gb",",",không,li-ion 3 cell,2.28 kg,2.5,6,Dell
204052,https://www.thegioididong.com/laptop/hp-15s-du0040tx-i7-8565u-8gb-1tb-mx130-win10-6zf6,HP 15s du0040TX i7 8565U (6ZF62PA),18290000,do-hoa-ky-thuat,intel core i7 coffee lake,8565u,8 gb,hỗ trợ khe cắm ssd m.2 sata3,15.6 inch,full hd (1920 x 1080),"nvidia geforce mx130, 2gb",",",không,li-ion 3 cell,1.82 kg,5,3,HP
203743,https://www.thegioididong.com/laptop/dell-inspiron-3579-i5-8300h-8gb-1tb-128gb-gtx1050t,Dell Inspiron 3579 i5 8300H (G5I5423W),24890000,do-hoa-ky-thuat,intel core i5 coffee lake,8300h,8 gb,"ssd 128gb m2 pcie, hdd: 1 tb sata3",15.6 inch,full hd (1920 x 1080),"nvidia geforce gtx 1050ti, 4gb","hdmi,",có,li-ion 4 cell,2.35 kg,5,4,Dell
210649,https://www.thegioididong.com/laptop/hp-pavilion-15-cs2120tx-i5-8265u-8gb-1tb-2g-mx130,HP Pavilion 15 cs2120TX i5 8265U (8AG58PA),16490000,do-hoa-ky-thuat,intel core i5 coffee lake,8265u,8 gb,hỗ trợ khe cắm ssd m.2 pcie,15.6 inch,full hd (1920 x 1080),"nvidia geforce mx130, 2gb",",",không,li-ion 3 cell,1.83 kg,0,0,HP
216088,https://www.thegioididong.com/laptop/hp-pavilion-15-cs3061tx-i5-8re83pa,HP Pavilion 15 cs3061TX i5 1035G1 (8RE83PA),18190000,do-hoa-ky-thuat,intel core i5 ice lake,1035g1,8 gb,ssd 512 gb m.2 pcie,15.6 inch,full hd (1920 x 1080),nvidia geforce mx250 2gb,",",không,li-ion 3 cell,1.761 kg,,,HP
166602,https://www.thegioididong.com/laptop/dell-vostro-3578-ngmpf11,Dell Vostro 3578 i7 8550U (NGMPF11),20990000,do-hoa-ky-thuat,intel core i7 kabylake refresh,8550u,8 gb,hdd: 1 tb,15.6 inch,full hd (1920 x 1080),"amd radeon 520, 2gb","hdmi,",không,li-ion 4 cell,2.2 kg,2.7,7,Dell
215966,https://www.thegioididong.com/laptop/asus-zenbook-ux434f-i7-a6173t,Asus ZenBook UX434FL i7 10510U (A6173T),31490000,do-hoa-ky-thuat,intel core i7 comet lake,10510u,16 gb,ssd 512 gb m.2 pcie,14 inch,full hd (1920 x 1080),nvidia geforce mx250 2gb,",",có,li-ion 3 cell,1.26 kg,,,Asus
216286,https://www.thegioididong.com/laptop/hp-15s-du1035tx-i5-8rk36pa,Hp 15s du1035TX i5 10210U (8RK36PA),17390000,do-hoa-ky-thuat,intel core i5 comet lake,10210u,8 gb,ssd 512 gb m.2 pcie,15.6 inch,full hd (1920 x 1080),"nvidia geforce mx130, 2gb",",",không,li-ion 3 cell,1.744 kg,,,HP
205976,https://www.thegioididong.com/laptop/dell-inspiron-3580-i7-8565u-8gb-256gb-amd-520-win1,Dell Inspiron 3580 i7 8565U (70188447),21990000,do-hoa-ky-thuat,intel core i7 coffee lake,8565u,8 gb,ssd 256gb nvme pcie,15.6 inch,full hd (1920 x 1080),"amd radeon 520, 2gb","hdmi,",không,li-ion 3 cell,2.28 kg,,,Dell
208859,https://www.thegioididong.com/laptop/lenovo-ideapad-l340-15irh-i5-9300h-8gb-1tb-3gb-gtx,Lenovo Ideapad L340 15IRH i5 9300H (81LK00FAVN),18490000,do-hoa-ky-thuat,intel core i5 coffee lake,9300h,8 gb,hỗ trợ khe cắm ssd m.2 pcie,15.6 inch,full hd (1920 x 1080),"nvidia geforce gtx 1050, 3gb",",",có,li-ion 3 cell,2.15 kg,4.2,5,Lenovo
203075,https://www.thegioididong.com/laptop/asus-s430fn-i5-8265u-8gb-256gb-mx150-win10-eb032t,Asus VivoBook S430FN i5 8265U (EB032T),19490000,do-hoa-ky-thuat,intel core i5 coffee lake,8265u,8 gb,ssd: 256 gb m.2 sata3,14 inch,full hd (1920 x 1080),"nvidia geforce mx150, 2gb",",",có,li-ion 3 cell,1.4 kg,4.4,7,Asus
203137,https://www.thegioididong.com/laptop/asus-s530f-i7-8565u-8gb-16gb-1tb-mx150-bq550t,Asus VivoBook S530F i7 8565U (BQ550T),21090000,do-hoa-ky-thuat,intel core i7 coffee lake,8565u,8 gb,intel optane 16gb,15.6 inch,full hd (1920 x 1080),"nvidia geforce mx150, 2gb",",",có,li-ion 3 cell,1.8 kg,0,0,Asus
213539,https://www.thegioididong.com/laptop/dell-inspiron-3593-i7-1065g7-8gb-512gb-2gb-mx230-w,Dell Inspiron 3593 i7 1065G7 (70197459),22390000,do-hoa-ky-thuat,intel core i7 ice lake,1065g7,8 gb,ssd 512 gb m.2 pcie,15.6 inch,full hd (1920 x 1080),nvidia geforce mx230 2gb,",",không,li-ion 3 cell,2.28 kg,,,Dell
217320,https://www.thegioididong.com/laptop/asus-vivobook-a512fl-i5-10210u-8gb-512gb-2gb-mx250,Asus VivoBook A512FL i5 10210U (EJ569T),18990000,do-hoa-ky-thuat,intel core i5 comet lake,10210u,8 gb,ssd 512 gb m.2 pcie,15.6 inch,full hd (1920 x 1080),nvidia geforce mx250 2gb,",",có,li-ion 2 cell,1.67 kg,,,Asus
213849,https://www.thegioididong.com/laptop/acer-swift-3s-sf314-57g-53t1-i5-1035g1-8gb-512gb-2,Acer Swift 3S SF314 57G 53T1 i5 1035G1 (NX.HJESV.001),19990000,do-hoa-ky-thuat,intel core i5 ice lake,1035g1,8 gb,ssd 512 gb m.2 pcie,14 inch,full hd (1920 x 1080),nvidia geforce mx250 2gb,",",có,li-ion 3 cell,1.19kg,,,Acer
200052,https://www.thegioididong.com/laptop/asus-ux533fd-i5-8265u-8gb-256gb-2gb-gtx1050-156f-c,Asus ZenBook UX533FD i5 8265U (A9091T),25490000,do-hoa-ky-thuat,intel core i5 coffee lake,8265u,8 gb,ssd 256gb nvme pcie,15.6 inch,full hd (1920 x 1080),"nvidia geforce gtx 1050, 2 gb",",",có,li-ion 4 cell,1.6 kg,5,2,Asus
184384,https://www.thegioididong.com/laptop/apple-macbook-pro-touch-mr9q2sa-a-2018,MacBook Pro Touch 2018 256GB (MR9Q2SA/A),39990000,do-hoa-ky-thuat,intel core i5 kabylake refresh,hãng không công bố,8 gb,ssd: 256 gb,13.3 inch,retina (2560 x 1600),intel iris plus graphics 655,",",có,khoảng 10 giờ,1.37 kg,0,0,Macbook
203194,https://www.thegioididong.com/laptop/asus-ux533fd-i5-8265u-8gb-256gb-2gb-a9035t,Asus ZenBook 15 UX533FD i5 8265U (A9035T),27490000,do-hoa-ky-thuat,intel core i5 coffee lake,8265u,8 gb,ssd 256gb nvme pcie,15.6 inch,full hd (1920 x 1080),nvidia geforce gtx 1050 max-q,",",có,li-ion 4 cell,1.67 kg,3,1,Asus
210511,https://www.thegioididong.com/laptop/lenovo-ideapad-l340-15irh-i7-9750h-8gb-1tb-3gb-gtx,Lenovo IdeaPad L340 15IRH i7 9750H (81LK00FBVN),21290000,do-hoa-ky-thuat,intel core i7 coffee lake,9750h,8 gb,hỗ trợ khe cắm ssd m.2 pcie,15.6 inch,full hd (1920 x 1080),"nvidia geforce gtx 1050, 3gb",",",có,li-ion 3 cell,2.14 kg,,,Lenovo
211875,https://www.thegioididong.com/laptop/asus-x509fj-i5-8265u-4gb-512gb-2gb-mx230-156f-win1,Asus VivoBook X509FJ i5 8265U (EJ155T),15890000,do-hoa-ky-thuat,intel core i5 coffee lake,8265u,4 gb,ssd 512 gb m.2 pcie,15.6 inch,full hd (1920 x 1080),nvidia geforce mx230 2gb,",",không,li-ion 2 cell,1.8 kg,5,1,Asus
213570,https://www.thegioididong.com/laptop/dell-inspiron-5593-i5-1035g1-8gb-256gb-2gb-mx230-w,Dell Inspiron 5593 i5 1035G1 (N5I5513W),20490000,do-hoa-ky-thuat,intel core i5 ice lake,1035g1,8 gb,ssd 256gb nvme pcie,15.6 inch,full hd (1920 x 1080),nvidia geforce mx230 2gb,",",có,li-ion 3 cell,2.05 kg,,,Dell
213858,https://www.thegioididong.com/laptop/asus-zenbook-duo-ux481f-i5-10210u-8gb-512gb-2gb-mx,Asus ZenBook Duo UX481F i5 10210U/8GB/512GB/2GB MX250/Pen/Win10 (BM048T),32990000,do-hoa-ky-thuat,intel core i5 comet lake,10210u,8 gb,ssd 512 gb m.2 pcie,14 inch,full hd (1920 x 1080),nvidia geforce mx250 2gb,",",có,li - polymer 4 cell,1.57 kg,,,Asus
201805,https://www.thegioididong.com/laptop/hp-envy-13-ah1010tu,HP Envy 13 ah1010TU i5 8265U,21490000,do-hoa-ky-thuat,intel core i5 coffee lake,8265u,8 gb,ssd 128gb m2 pcie,13.3 inch,full hd (1920 x 1080),intel® hd graphics 620,",",có,li-ion 4 cell,1.2 kg,4.4,9,HP
207658,https://www.thegioididong.com/laptop/acer-aspire-a315-55g-78q1-i7-8565u-8g-512gb-mx230,Acer Aspire A315 55G 78Q1 i7 8565U (NX.HEDSV.003),19990000,do-hoa-ky-thuat,intel core i7 coffee lake,8565u,8 gb,ssd 512 gb m.2 pcie,15.6 inch,full hd (1920 x 1080),nvidia geforce mx230 2gb,",",không,li-ion 3 cell,1.8 kg,1,1,Acer
201824,https://www.thegioididong.com/laptop/acer-swift-sf315-52g-58te-i5-8250u-8gb-256gb-mx150,Acer Swift 3 SF315 52G 58TE i5 8250U (NX.GZCSV.001),20490000,do-hoa-ky-thuat,intel core i5 coffee lake,8250u,8 gb,ssd: 256 gb m.2 sata3,15.6 inch,full hd (1920 x 1080),"nvidia geforce mx150, 2gb",",",có,li - polymer 4 cell,1.7 kg,4.5,6,Acer
204640,https://www.thegioididong.com/laptop/hp-pavilion-15-cs2058tx-i7-8565u-8gb-1tb-2gb-mx250,HP Pavilion 15 cs2058TX i7 8565U (6YZ12PA),20690000,do-hoa-ky-thuat,intel core i7 coffee lake,8565u,8 gb,hỗ trợ khe cắm ssd m.2 sata3,15.6 inch,full hd (1920 x 1080),nvidia geforce mx250 2gb,",",không,li-ion 3 cell,1.84 kg,,,HP
213571,https://www.thegioididong.com/laptop/dell-inspiron-3580-i7-70194513,Dell Inspiron 3580 i7 8565U (70194513),22790000,do-hoa-ky-thuat,intel core i7 coffee lake,8565u,8 gb,hdd: 2 tb,15.6 inch,full hd (1920 x 1080),"amd radeon 520, 2gb","hdmi,",không,li-ion 3 cell,2.28 kg,,,Dell
212305,https://www.thegioididong.com/laptop/dell-inspiron-7591-i5-9300h-8gb-256gb-4gb-gtx1050,Dell Inspiron 7591 i5 9300H (N5I5591W),26990000,do-hoa-ky-thuat,intel core i5 coffee lake,9300h,8 gb,ssd 256gb nvme pcie,15.6 inch,full hd (1920 x 1080),"nvidia geforce gtx 1050, 3gb",",",có,li-ion 3 cell,2 kg,,,Dell
202308,https://www.thegioididong.com/laptop/asus-s530un-bq198t,Asus Vivobook S530UN i7 8550U (BQ198T),21590000,do-hoa-ky-thuat,intel core i7 coffee lake,8550u,8 gb,hỗ trợ khe cắm ssd m.2 sata3,15.6 inch,full hd (1920 x 1080),"nvidia geforce mx150, 2gb",",",có,li-ion 3 cell (4240mah),1.76 kg,,,Asus
203672,https://www.thegioididong.com/laptop/asus-vivobook-s530fn-i7-8565u-8gb-512gb-mx150-win1,Asus VivoBook S530FN i7 8565U (BQ593T),23090000,do-hoa-ky-thuat,intel core i7 coffee lake,8565u,8 gb,ssd 512 gb m.2 pcie,15.6 inch,full hd (1920 x 1080),"nvidia geforce mx150, 2gb",",",có,li-ion 3 cell,1.8 kg,4.7,7,Asus
202321,https://www.thegioididong.com/laptop/acer-swift-sf315-52g-87n4-i7-8550u-8gb-128gb-2gb-m,Acer Swift 3 SF315 52G 87N4 i7 8550U (NX.GZCSV.005),23590000,do-hoa-ky-thuat,intel core i7 coffee lake,8550u,8 gb,ssd 128gb m2 pcie,15.6 inch,full hd (1920 x 1080),"nvidia geforce mx150, 2gb",",",có,li - polymer 4 cell,1.7 kg,1,2,Acer
213527,https://www.thegioididong.com/laptop/lenovo-ideapad-l340-i5-81lk00vtvn,Lenovo IdeaPad L340 15IRH i5 9300H (81LK00VTVN),19490000,do-hoa-ky-thuat,intel core i5 coffee lake,9300h,8 gb,ssd 512 gb m.2 pcie,15.6 inch,full hd (1920 x 1080),"nvidia geforce gtx 1050, 3gb",",",có,li-ion 3 cell,2.15 kg,,,Lenovo
202560,https://www.thegioididong.com/laptop/lenovo-ip-530s-81eu00t0vn,Lenovo Ideapad 530s 14IKB i5 8250U (81EU00T0VN),18990000,do-hoa-ky-thuat,intel core i5 coffee lake,8250u,8 gb,ssd 256gb nvme pcie,14 inch,full hd (1920 x 1080),"nvidia geforce mx130, 2gb",",",có,li-ion 3 cell,1.49 kg,4.7,7,Lenovo
204859,https://www.thegioididong.com/laptop/dell-inspiron-5584-i5-n5i5413w,Dell Inspiron 15 5584 i5 8265U (N5I5413W),20990000,do-hoa-ky-thuat,intel core i5 coffee lake,8265u,8 gb,ssd: 256 gb m.2 sata3,15.6 inch,full hd (1920 x 1080),"nvidia geforce mx130, 2gb","hdmi,",có,li-ion 3 cell,1.7 kg,,,Dell
204654,https://www.thegioididong.com/laptop/dell-inspiron-5584-i5-8265u-8gb-2tb-2gb-mx130-156f,Dell Inspiron 15 5584 i5 8265U (N5I5353W),21690000,do-hoa-ky-thuat,intel core i5 coffee lake,8265u,8 gb,hỗ trợ khe cắm ssd m.2 pcie,15.6 inch,full hd (1920 x 1080),"nvidia geforce mx130, 2gb","hdmi,",có,li-ion 3 cell,1.95 kg,,,Dell
203196,https://www.thegioididong.com/laptop/asus-s430fn-i5-8265u-8gb-256gb-ssd-2gb-mx150-14-wi,Asus VivoBook S430FN i5 8265U/8GB (EB010T),19990000,do-hoa-ky-thuat,intel core i5 coffee lake,8265u,8 gb,ssd: 256 gb m.2 sata3,14 inch,full hd (1920 x 1080),"nvidia geforce mx150, 2gb",",",có,li-ion 3 cell,1.4 kg,,,Asus
202315,https://www.thegioididong.com/laptop/asus-ux333fn-a4124t,Asus ZenBook 13 UX333FN i5 8265U (A4124T),24490000,do-hoa-ky-thuat,intel core i5 coffee lake,8265u,8 gb,ssd 512 gb m.2 pcie,13.3 inch,full hd (1920 x 1080),"nvidia geforce mx150, 2gb",",",có,li - polymer 3 cell,1.25 kg,0,0,Asus
212373,https://www.thegioididong.com/laptop/asus-vivobook-a412f-i3-8145u-4gb-32gb-512gb-win10,Asus VivoBook A412FA i3 8145U (EK661T),13490000,hoc-tap-van-phong,intel core i3 coffee lake,8145u,4 gb,intel optane 32gb (h10),14 inch,full hd (1920 x 1080),intel® uhd graphics 620,",",không,li-ion 2 cell,1.5 kg,3,2,Asus
210172,https://www.thegioididong.com/laptop/hp-348-g5-i3-7020u-4gb-256gb-win10-7xj62pa,HP 348 G5 i3 7020U (7XJ62PA),10690000,hoc-tap-van-phong,intel core i3 kabylake,7020u,4 gb,ssd 256gb nvme pcie,14 inch,full hd (1920 x 1080),intel® uhd graphics 620,",",không,li-ion 3 cell,1.42 kg,4.8,22,HP
213862,https://www.thegioididong.com/laptop/asus-vivobook-x409u-i3-7020u-4gb-256gb-win10-ek20,Asus VivoBook X409U i3 7020U (EK205T),10790000,hoc-tap-van-phong,intel core i3 kabylake,7020u,4 gb,ssd 256gb nvme pcie,14 inch,full hd (1920 x 1080),intel® uhd graphics 620,",",không,li-ion 2 cell,1.6 kg,,,Asus
200505,https://www.thegioididong.com/laptop/asus-x507ma-n4000-4gb-256gb-win10-br318t,Asus VivoBook X507MA N4000 (BR318T),6990000,hoc-tap-van-phong,intel celeron,n4000,4 gb,ssd: 256 gb m2,15.6 inch,hd (1366 x 768),intel® uhd graphics 600,",",không,li-ion 3 cell,1.75 kg,4.5,22,Asus
208863,https://www.thegioididong.com/laptop/acer-swift-sf315-52-38yq-i3-8130u-4gb-1tb-156f-win,Acer Swift 3 SF315 52 38YQ i3 8130U (NX.GZBSV.003),13190000,hoc-tap-van-phong,intel core i3 coffee lake,8130u,4 gb,hỗ trợ khe cắm ssd m.2 pcie,15.6 inch,full hd (1920 x 1080),intel® uhd graphics 620,",",có,li-ion 4 cell,1.7 kg,2.5,2,Acer
203670,https://www.thegioididong.com/laptop/asus-vivobook-s412f-i3-8145u-4gb-512gb-ek342t,Asus VivoBook A412FA i3 8145U (EK342T),12990000,hoc-tap-van-phong,intel core i3 coffee lake,8145u,4 gb,ssd 512 gb m.2 pcie,14 inch,full hd (1920 x 1080),intel® uhd graphics 620,",",không,li-ion 2 cell,1.5 kg,4.4,21,Asus
203443,https://www.thegioididong.com/laptop/asus-a412fa-i5-8265u-8gb-512gb-win10-ek343t,Asus VivoBook A412FA i5 8265U (EK343T),16490000,hoc-tap-van-phong,intel core i5 coffee lake,8265u,8 gb,ssd 512 gb m.2 pcie,14 inch,full hd (1920 x 1080),intel® uhd graphics 620,",",không,li - polymer 2 cell,1.42 kg,4.7,6,Asus
206562,https://www.thegioididong.com/laptop/asus-vivobook-x409f-i5-8265u-8gb-1tb-win10-ek138t,Asus VivoBook X409F i5 8265U (EK138T),13690000,hoc-tap-van-phong,intel core i5 coffee lake,8265u,8 gb,hỗ trợ khe cắm ssd m.2 pcie,14 inch,full hd (1920 x 1080),intel® uhd graphics 620,",",không,li-ion 2 cell,1.6 kg,2.3,3,Asus
211882,https://www.thegioididong.com/laptop/lenovo-ideapad-15ikb-i3-7020u-4gb-256gb-win10-81v,Lenovo IdeaPad S145 15IKB i3 7020U (81VD0035VN),10290000,hoc-tap-van-phong,intel core i3 kabylake refresh,7020u,4 gb,ssd 256gb nvme pcie,15.6 inch,full hd (1920 x 1080),intel® uhd graphics 620,",",không,li-ion 2 cell,2.1 kg,,,Lenovo
211800,https://www.thegioididong.com/laptop/asus-vivobook-x509u-i3-7020-4gb-1tb-chuot-win10-e,Asus VivoBook X509U i3 7020U (EJ063T),10390000,hoc-tap-van-phong,intel core i3 kabylake,7020u,4 gb,hỗ trợ khe cắm ssd m.2 pcie,15.6 inch,full hd (1920 x 1080),intel® uhd graphics 620,",",không,li-ion 2 cell,1.8 kg,0,0,Asus
210080,https://www.thegioididong.com/laptop/hp-15s-du0056tu-i3-7020u-4gb-1tb-win10-6zf53pa,HP 15s du0056tu i3 7020U (6ZF53PA),10690000,hoc-tap-van-phong,intel core i3 kabylake,7020u,4 gb,hỗ trợ khe cắm ssd m.2 pcie,15.6 inch,full hd (1920 x 1080),intel® uhd graphics 620,",",không,li-ion 3 cell,1.74 kg,,,HP
212940,https://www.thegioididong.com/laptop/asus-vivobook-x409fa-i3-8145u-4gb-512gb-win10-ek3,Asus VivoBook X409FA i3 8145U (EK306T),12390000,hoc-tap-van-phong,intel core i3 coffee lake,8145u,4 gb,ssd 512 gb m.2 pcie,14 inch,full hd (1920 x 1080),intel® uhd graphics 620,",",không,li-ion 2 cell,1.6 kg,,,Asus
210665,https://www.thegioididong.com/laptop/acer-aspire-a315-34-c2h9-n4000-4gb-256gb-win10-nx,Acer Aspire A315 34 C2H9 N4000 (NX.HE3SV.005),6490000,hoc-tap-van-phong,intel celeron,n4000,4 gb,ssd 256gb nvme pcie,15.6 inch,hd (1366 x 768),intel® hd graphics 620,",",không,li - polymer 2 cell,1.7 kg,4.5,2,Acer
212625,https://www.thegioididong.com/laptop/acer-aspire-a315-54-36qy-i3-10110u-4gb-256gb-win10,Acer Aspire A315 54 36QY i3 10110U (NX.HM2SV.001),10990000,hoc-tap-van-phong,intel core i3 comet lake,10110u,4 gb,ssd 256gb nvme pcie,15.6 inch,full hd (1920 x 1080),intel uhd graphics,",",không,li-ion 2 cell,1.7 kg,5,2,Acer
216820,https://www.thegioididong.com/laptop/hp-15s-du0115tu-i3-7020u-4gb-512gb-win10-8vb37pa,HP 15s du0115TU i3 7020U (8VB37PA),11790000,hoc-tap-van-phong,intel core i3 kabylake,7020u,4 gb,ssd 512 gb m.2 pcie,15.6 inch,full hd (1920 x 1080),intel® hd graphics 620,",",không,li-ion 3 cell,1.74 kg,,,HP
207680,https://www.thegioididong.com/laptop/asus-vivobook-x509f-i7-8565u-8gb-mx230-win10-ej13,Asus VivoBook X509F i7 8565U (EJ133T),18990000,hoc-tap-van-phong,intel core i7 coffee lake,8565u,8 gb,ssd 512 gb m.2 pcie,15.6 inch,full hd (1920 x 1080),nvidia geforce mx230 2gb,",",không,li-ion 2 cell,1.9 kg,4.9,7,Asus
213569,https://www.thegioididong.com/laptop/dell-inspiron-5593-i5-1035g1-4gb-1tb-128gb-2gb-mx2,Dell Inspiron 5593 i5 1035G1 (N5I5402W),17690000,hoc-tap-van-phong,intel core i5 ice lake,1035g1,4 gb,"ssd 128gb m2 pcie, hdd: 1 tb sata3",15.6 inch,full hd (1920 x 1080),nvidia geforce mx230 2gb,"hdmi,",có,li-ion 3 cell,2.05 kg,3,1,Dell
202559,https://www.thegioididong.com/laptop/asus-a512fa-i5-8265u-8gb-1tb-win10-ej552t,Asus VivoBook A512FA i5 8265U (EJ552T),15290000,hoc-tap-van-phong,intel core i5 coffee lake,8265u,8 gb,hỗ trợ khe cắm ssd m.2 pcie,15.6 inch,full hd (1920 x 1080),intel® uhd graphics 620,",",không,li - polymer 2 cell,1.75 kg,5,1,Asus
212657,https://www.thegioididong.com/laptop/asus-vivobook-a412fa-i5-8265u-8gb-32gb-512gb-win10,Asus VivoBook A412FA i5 8265U (EK662T),16990000,hoc-tap-van-phong,intel core i5 coffee lake,8265u,8 gb,intel optane 32gb (h10),14 inch,full hd (1920 x 1080),intel® uhd graphics 620,",",không,li-ion 2 cell,1.5 kg,,,Asus
211632,https://www.thegioididong.com/laptop/acer-aspire-a315-34-p3lc-n5000-4gb-256gb-win10-nx,Acer Aspire A315 34 P3LC N5000 (NX.HE3SV.004),7790000,hoc-tap-van-phong,intel pentium,n5000,4 gb,ssd 256gb nvme pcie,15.6 inch,hd 720 (1280 x 720),intel® uhd graphics 620,",",không,li - polymer 2 cell,1.7 kg,0,0,Acer
207846,https://www.thegioididong.com/laptop/asus-vivobook-x509fj-ej132t,Asus VivoBook X509FJ i5 8265U (EJ132T),15490000,hoc-tap-van-phong,intel core i5 coffee lake,8265u,8 gb,intel optane 16gb,15.6 inch,full hd (1920 x 1080),nvidia geforce mx230 2gb,",",không,li-ion 2 cell,1.8 kg,4.2,6,Asus
200203,https://www.thegioididong.com/laptop/acer-swift-sf315-52-50t9-i5-8250u-8gb-256gb-win10,Acer Swift 3 SF315 52 50T9 i5 8250U (NX.GZBSV.002),16490000,hoc-tap-van-phong,intel core i5 coffee lake,8250u,8 gb,ssd: 256 gb,15.6 inch,full hd (1920 x 1080),intel® uhd graphics 620,",",có,li - polymer 4 cell,1.7 kg,5,1,Acer
216085,https://www.thegioididong.com/laptop/hp-pavilion-15-cs3014tu-i5-8qp20pa,HP Pavilion 15 cs3014TU i5 1035G1 (8QP20PA),15590000,hoc-tap-van-phong,intel core i5 ice lake,1035g1,4 gb,ssd 256gb nvme pcie,15.6 inch,full hd (1920 x 1080),intel uhd graphics,",",không,li-ion 3 cell,1.695 kg,,,HP
216302,https://www.thegioididong.com/laptop/hp-pavilion-14-ce3027tu-i5-8wj02pa,HP Pavilion 14 ce3027TU i5 1035G1 (8WJ02PA),17490000,hoc-tap-van-phong,intel core i5 ice lake,1035g1,8 gb,ssd 256gb nvme pcie,14 inch,full hd (1920 x 1080),intel uhd graphics,",",không,li-ion 3 cell,1.6 kg,0,0,HP
207798,https://www.thegioididong.com/laptop/lenovo-ideapad-s145,Lenovo Ideapad S145 15IWL i3 8145U (81MV00SXVN),11790000,hoc-tap-van-phong,intel core i3 coffee lake,8145u,4 gb,ssd 256gb nvme pcie,15.6 inch,full hd (1920 x 1080),"nvidia geforce mx110, 2gb",",",không,li-ion 2 cell,1.73 kg,4.5,2,Lenovo
215677,https://www.thegioididong.com/laptop/hp-15s-du0058tu-n5000-4gb-1tb-win10-6zf55pa,HP 15s du0058TU N5000 (6ZF55PA),7690000,hoc-tap-van-phong,intel pentium,n5000,4 gb,hỗ trợ khe cắm ssd m.2 pcie,15.6 inch,hd (1366 x 768),intel® uhd graphics 605,",",không,li-ion 3 cell,1.74 kg,,,HP
207884,https://www.thegioididong.com/laptop/acer-aspire-3-a315-54-30fk-i3-7020u-4gb-1tb-win10,Acer Aspire 3 A315 54K 30FK i3 7020U (NX.HEESV.003),9490000,hoc-tap-van-phong,intel core i3 kabylake refresh,7020u,4 gb,hỗ trợ khe cắm ssd m.2 pcie,15.6 inch,hd 720 (1280 x 720),intel® uhd graphics 620,",",không,li-ion 2 cell,1.7 kg,,,Acer
204050,https://www.thegioididong.com/laptop/hp-pavilion-15-cs2034tu-i5-8265u-4gb-1tb-win10-6y,HP Pavilion 15 cs2034TU i5 8265U (6YZ06PA),14790000,hoc-tap-van-phong,intel core i5 coffee lake,8265u,4 gb,hỗ trợ khe cắm ssd m.2 sata3,15.6 inch,full hd (1920 x 1080),intel® uhd graphics 620,",",không,li-ion 3 cell,1.75 kg,1,1,HP
209743,https://www.thegioididong.com/laptop/dell-vostro-3580-i5-8265u-4gb-1tb-156f-win10-t3rm,Dell Vostro 3580 i5 8265U (T3RMD1),15290000,hoc-tap-van-phong,intel core i5 coffee lake,8265u,4 gb,hỗ trợ khe cắm ssd m.2 pcie,15.6 inch,full hd (1920 x 1080),intel® uhd graphics 620,",",không,li-ion 3 cell,2.1 kg,1,1,Dell
213536,https://www.thegioididong.com/laptop/dell-inspiron-5593-i3-1005g1-4gb-128gb-win10-7019,Dell Inspiron 5593 i3 1005G1 (70196703),13990000,hoc-tap-van-phong,intel core i3 ice lake,1005g1,4 gb,"ssd 128gb m2 pcie, hỗ trợ khe cắm hdd sata",15.6 inch,full hd (1920 x 1080),intel uhd graphics,",",có,li-ion 3 cell,2.05 kg,,,Dell
212360,https://www.thegioididong.com/laptop/asus-vivobook-x509fj-i3-8145u-4gb-1tb-2gb-mx230-wi,Asus VivoBook X509FJ i3 8145U (EJ227T),12490000,hoc-tap-van-phong,intel core i3 coffee lake,8145u,4 gb,hỗ trợ khe cắm ssd m.2 pcie,15.6 inch,full hd (1920 x 1080),nvidia geforce mx230 2gb,",",không,li-ion 2 cell,1.9 kg,0,0,Asus
191993,https://www.thegioididong.com/laptop/asus-x441ma-ga024t,Asus VivoBook X441MA N5000 (GA024T),6990000,hoc-tap-van-phong,intel pentium,n5000,4 gb,hdd: 1 tb sata3,14 inch,hd (1366 x 768),intel® hd graphics,"hdmi,",không,li-ion 3 cell,1.7 kg,4,3,Asus
207533,https://www.thegioididong.com/laptop/hp-pavilon-14-ce2035tu-i3-6yz18pa,HP Pavilon 14 ce2035tu i3 8145U (6YZ18PA),12690000,hoc-tap-van-phong,intel core i3 coffee lake,8145u,4 gb,hỗ trợ khe cắm ssd m.2 pcie,14 inch,full hd (1920 x 1080),intel® uhd graphics 620,",",không,li-ion 3 cell,1.6 kg,3,2,HP
212626,https://www.thegioididong.com/laptop/acer-aspire-a515-54g-51j3-i5-10210u-8gb-1tb-ssd-2g,Acer Aspire A515 54G 51J3 i5 10210U (NX.HN5SV.003),17490000,hoc-tap-van-phong,intel core i5 comet lake,10210u,8 gb,"ssd 1024 gb m.2 pcie, hỗ trợ khe cắm hdd sata",15.6 inch,full hd (1920 x 1080),nvidia geforce mx250 2gb,",",có,li-ion 3 cell,1.7 kg,4,2,Acer
210081,https://www.thegioididong.com/laptop/hp-15s-du0054tu-i3-7020u-4gb-1tb-win10-6zf60pa,HP 15s du0054tu i3 7020U (6ZF60PA),10890000,hoc-tap-van-phong,intel core i3 kabylake,7020u,4 gb,hỗ trợ khe cắm ssd m.2 pcie,15.6 inch,hd (1366 x 768),intel® uhd graphics 620,",",không,li-ion 3 cell,1.74 kg,,,HP
204047,https://www.thegioididong.com/laptop/dell-inspiron-3580-i5-8265u-4gb-1tb-radeon-2gb-70,Dell Inspiron 3580 i5 8265U (70184569),15490000,hoc-tap-van-phong,intel core i5 coffee lake,8265u,4 gb,hỗ trợ khe cắm ssd m.2 pcie,15.6 inch,full hd (1920 x 1080),"amd radeon 520, 2gb","hdmi,",không,li-ion 3 cell,2.28 kg,2.8,4,Dell
216087,https://www.thegioididong.com/laptop/hp-pavilion-15-cs3012tu-i5-1035g1-8gb-512gb-win10,HP Pavilion 15 cs3012TU i5 1035G1/8GB/512GB/Win10 (8QP30PA),17190000,hoc-tap-van-phong,intel core i5 ice lake,1035g1,8 gb,ssd 512 gb m.2 pcie,15.6 inch,full hd (1920 x 1080),intel uhd graphics,",",không,li-ion 3 cell,1.695 kg,,,HP
213861,https://www.thegioididong.com/laptop/dell-vostro-5490-i5-10210u-8gb-256gb-win10-v4i510,Dell Vostro 5490 i5 10210U (V4I5106W),19490000,hoc-tap-van-phong,intel core i5 comet lake,10210u,8 gb,ssd 256gb nvme pcie,14 inch,full hd (1920 x 1080),intel uhd graphics,",",có,li-ion 3 cell,1.49 kg,5,1,Dell
214710,https://www.thegioididong.com/laptop/lenovo-ideapad-s340-14iil-i3-1005g1-8gb-512gb-win1,Lenovo IdeaPad S340 14IIL i3 1005G1 (81VV003VVN),13990000,hoc-tap-van-phong,intel core i3 ice lake,1005g1,8 gb,ssd 512 gb m.2 pcie,14 inch,full hd (1920 x 1080),intel uhd graphics,",",không,li-ion 3 cell,1.6 kg,,,Lenovo
210083,https://www.thegioididong.com/laptop/hp-15s-du0042tx-i3-7020u-4gb-1tb-win10-6zf75pa,HP 15s du0042TX i3 7020U (6ZF75PA),12090000,hoc-tap-van-phong,intel core i3 kabylake,7020u,4 gb,hỗ trợ khe cắm ssd m.2 pcie,15.6 inch,full hd (1920 x 1080),"nvidia geforce mx110, 2gb","hdmi,",không,li-ion 4 cell,1.74 kg,2,1,HP
212623,https://www.thegioididong.com/laptop/acer-aspire-a515-54-54eu-i5-10210u-8gb-512gb-win10,Acer Aspire A515 54 54EU i5 10210U (NX.HN3SV.002),15990000,hoc-tap-van-phong,intel core i5 comet lake,10210u,8 gb,ssd 512 gb m.2 pcie,15.6 inch,full hd (1920 x 1080),intel® uhd graphics 620,",",có,li-ion 3 cell,1.7 kg,4,1,Acer
209143,https://www.thegioididong.com/laptop/acer-aspire-a315-54-558r-i5-8265u-4gb-1tb-win10-n,Acer Aspire A315 54 558R i5 8265U (NX.HEFSV.005),11490000,hoc-tap-van-phong,intel core i5 coffee lake,8265u,4 gb,hỗ trợ khe cắm ssd m.2 pcie,15.6 inch,full hd (1920 x 1080),intel® uhd graphics 620,",",không,li-ion 2 cell,1.7 kg,,,Acer
204053,https://www.thegioididong.com/laptop/hp-15s-du0063tu-i5-8265u-4gb-1tb-win10-6zf63pa,HP 15s du0063TU i5 8265U (6ZF63PA),14190000,hoc-tap-van-phong,intel core i5 coffee lake,8265u,4 gb,hdd: 1 tb sata3,15.6 inch,full hd (1920 x 1080),intel® uhd graphics 620,"hdmi,",không,li-ion 3 cell,1.74 kg,2,1,HP
206297,https://www.thegioididong.com/laptop/asus-vivobook-a512f-i5-8265u-8gb-512gb-win10-ej22,Asus VivoBook A512F i5 8265U (EJ222T),17990000,hoc-tap-van-phong,intel core i5 coffee lake,8265u,8 gb,ssd 512 gb m.2 pcie,15.6 inch,full hd (1920 x 1080),nvidia geforce mx250 2gb,",",không,li - polymer 2 cell,1.6 kg,5,2,Asus
207883,https://www.thegioididong.com/laptop/acer-aspire-3-a315-54-57pj-i5-8265u-4gb-256gb-win1,Acer Aspire 3 A315 54 57PJ i5 8265U (NX.HEFSV.004),12990000,hoc-tap-van-phong,intel core i5 coffee lake,8265u,4 gb,ssd 256gb nvme pcie,15.6 inch,full hd (1920 x 1080),intel® uhd graphics 620,",",không,li-ion 2 cell,1.7 kg,4,1,Acer
203671,https://www.thegioididong.com/laptop/asus-530f-i3-8145u-4gb-1tb-bq185t,Asus VivoBook S530FA i3 8145U (BQ185T),13890000,hoc-tap-van-phong,intel core i3 coffee lake,8145u,4 gb,hỗ trợ khe cắm ssd m.2 sata3,15.6 inch,full hd (1920 x 1080),intel® uhd graphics 620,",",có,li-ion 3 cell,1.8 kg,5,2,Asus
216849,https://www.thegioididong.com/laptop/acer-aspire-a315-54-52ht-i5-10210u-4gb-256gb-win-1,Acer Aspire A315 54 52HT i5 10210U (NX.HM2SV.002),12990000,hoc-tap-van-phong,intel core i5 comet lake,10210u,4 gb,ssd 256gb nvme pcie,15.6 inch,full hd (1920 x 1080),intel® uhd graphics 620,",",không,li-ion 2 cell,1.7 kg,,,Acer
166858,https://www.thegioididong.com/laptop/dell-inspiron-3576-p63f002n76b,Dell Inspiron 3576 i3 8130U (P63F002N76B),11990000,hoc-tap-van-phong,intel core i3 kabylake refresh,8130u,4 gb,hdd: 1 tb,15.6 inch,hd (1366 x 768),intel® uhd graphics 620,"hdmi,",không,li-ion 4 cell,2.3 kg,0,0,Dell
203455,https://www.thegioididong.com/laptop/lenovo-ideapad-c340-14iwl-i5-8265u-8gb-256gb-touch,Lenovo ideapad C340 14IWL i5 8265U (81N4003TVN),17490000,hoc-tap-van-phong,intel core i5 coffee lake,8265u,8 gb,ssd 256gb nvme pcie,14 inch,full hd (1920 x 1080),intel® uhd graphics 620,",",có,li-ion 4 cell,1.6 kg,3.8,4,Lenovo
216291,https://www.thegioididong.com/laptop/hp-pavilion-15-cs3119tx-i5-1035g1-4gb-256gb-2gb-mx,HP Pavilion 15 cs3119TX i5 1035G1 (9FN16PA),16590000,hoc-tap-van-phong,intel core i5 ice lake,1035g1,4 gb,ssd 256gb nvme pcie,15.6 inch,full hd (1920 x 1080),nvidia geforce mx250 2gb,",",không,li-ion 3 cell,1.755 kg,,,HP
217352,https://www.thegioididong.com/laptop/acer-aspire-a315-54-59zj-i5-nx-hm2sv-005,Acer Aspire A315 54 59ZJ i5 10210U (NX.HM2SV.005),14490000,hoc-tap-van-phong,intel core i5 comet lake,10210u,8 gb,ssd 512 gb m.2 pcie,15.6 inch,full hd (1920 x 1080),intel uhd graphics,",",không,li-ion 2 cell,1.7 kg,,,Acer
215704,https://www.thegioididong.com/laptop/asus-vivobook-d409da-r3-3200u-4gb-512gb-win10-ek1,Asus VivoBook D409DA R3 3200U (EK118T),10590000,hoc-tap-van-phong,amd ryzen 3,3200u,4 gb,ssd 512 gb m.2 pcie,14 inch,full hd (1920 x 1080),amd radeon™ vega 3 graphics,",",không,li-ion 2 cell,1.6 kg,,,Asus
212627,https://www.thegioididong.com/laptop/acer-aspire-a315-54k-36qu-i3-7020u-4gb-256gb-win10,Acer Aspire A315 54K 36QU i3 7020U (NX.HEESV.007),9990000,hoc-tap-van-phong,intel core i3 kabylake,7020u,4 gb,ssd 256gb nvme pcie,15.6 inch,full hd (1920 x 1080),intel® uhd graphics 620,",",không,li-ion 2 cell,1.7 kg,0,0,Acer
204064,https://www.thegioididong.com/laptop/hp-15-da0359tu-n4417-4gb-500gb-win10-6kd00pa,HP 15 da0359TU N4417 (6KD00PA),7490000,hoc-tap-van-phong,intel pentium,n4417u,4 gb,hdd: 500 gb,15.6 inch,hd (1366 x 768),intel® hd graphics,",",không,li-ion 3 cell,1.77 kg,2.7,3,HP
200201,https://www.thegioididong.com/laptop/acer-swift-sf114-32-p2sg-n5000-4gb-64gb-win10-nxg,Acer Swift 1 SF114 32 P2SG N5000 (NX.GZJSV.001),8990000,hoc-tap-van-phong,intel pentium,n5000,4 gb,hỗ trợ khe cắm ssd m.2 pcie,14 inch,full hd (1920 x 1080),intel® uhd graphics 605,",",không,li - polymer 3 cell,1.3 kg,3.5,2,Acer
214708,https://www.thegioididong.com/laptop/lenovo-ideapad-s340-14iil-i5-1035g1-8gb-512gb-win1,Lenovo IdeaPad S340 14IIL i5 1035G1 (81VV003SVN),16290000,hoc-tap-van-phong,intel core i5 ice lake,1035g1,8 gb,ssd 512 gb m.2 pcie,14 inch,full hd (1920 x 1080),intel uhd graphics,",",không,li-ion 3 cell,1.6 kg,,,Lenovo
203456,https://www.thegioididong.com/laptop/lenovo-ideapad-c340-14iwl-i3-8145u-8gb-256gb-touch,Lenovo ideapad C340 14IWL i3 8145U (81N4003SVN),15490000,hoc-tap-van-phong,intel core i3 coffee lake,8145u,8 gb,ssd 256gb nvme pcie,14 inch,full hd (1920 x 1080),intel® uhd graphics 620,",",có,li-ion 4 cell,1.6 kg,0,0,Lenovo
204855,https://www.thegioididong.com/laptop/hp-pavilion-x360-14-dh0104tu-i5-8265u-4gb-1tb-14f,HP Palivion X360 14 dh0104TU i5 8265U (6ZF32PA),16990000,hoc-tap-van-phong,intel core i5 coffee lake,8265u,4 gb,hỗ trợ bộ nhớ intel® optane™,14 inch,full hd (1920 x 1080),intel® uhd graphics 620,",",không,li-ion 3 cell,1.607 kg,0,0,HP
209134,https://www.thegioididong.com/laptop/dell-vostro-3580-i3-8145u-4gb-1tb-156fwin10-v5i30,Dell Vostro 3580 i3 8145U (V5I3058W),12990000,hoc-tap-van-phong,intel core i3 coffee lake,8145u,4 gb,hdd: 1 tb,15.6 inch,full hd (1920 x 1080),intel® uhd graphics 620,"hdmi,",không,li-ion 2 cell,2.16 kg,0,0,Dell
202267,https://www.thegioididong.com/laptop/acer-swift-sf314-56-38ue-i3-8145u-4gb-256gb-win10,Acer Swift 3 SF314 56 38UE i3 8145U (NX.H4CSV.005),14490000,hoc-tap-van-phong,intel core i3 coffee lake,8145u,4 gb,ssd 256gb nvme pcie,14 inch,full hd (1920 x 1080),intel® uhd graphics 620,",",có,li-ion 4 cell,1.45 kg,5,1,Acer
204646,https://www.thegioididong.com/laptop/hp-pavilion-14-ce2039tu-i5-8265u-4gb-1tb-14f-win10,HP Palivion 14 ce2039TU i5 8265U (6YZ15PA),15490000,hoc-tap-van-phong,intel core i5 coffee lake,8265u,4 gb,hỗ trợ khe cắm ssd m.2 pcie,14 inch,full hd (1920 x 1080),intel® uhd graphics 620,",",không,li-ion 3 cell,1.59 kg,,,HP
209561,https://www.thegioididong.com/laptop/dell-inspire-n3580-i5-8265u-4gb-1tb-win10-p75f106,Dell Inspiron N3580 i5 8265U (P75F106N80I),14490000,hoc-tap-van-phong,intel core i5 coffee lake,8265u,4 gb,hỗ trợ khe cắm ssd m.2 pcie,15.6 inch,hd (1366 x 768),intel® uhd graphics 620,",",không,li-ion 3 cell,2.28 kg,,,Dell
210054,https://www.thegioididong.com/laptop/lenovo-ideapad-s540-15iwl-i5-8265u-8gb-128gb-1tb-w,Lenovo Ideapad S540 15IWL i5 8265U (81NE009FVN),17490000,hoc-tap-van-phong,intel core i5 coffee lake,8265u,8 gb,hdd: 1tb + ssd: 128gb m2,15.6 inch,full hd (1920 x 1080),intel® uhd graphics 620,",",có,li-ion 3 cell,1.8 kg,5,2,Lenovo
210646,https://www.thegioididong.com/laptop/hp-15s-du0070tx-i5-8265u-8gb-1tb-2g-mx130-win10-8,HP 15s du0070TX i5 8265U (8AG62PA),16790000,hoc-tap-van-phong,intel core i5 coffee lake,8265u,8 gb,hỗ trợ khe cắm ssd m.2 pcie,15.6 inch,full hd (1920 x 1080),"nvidia geforce mx130, 2gb",",",không,li-ion 3 cell,1.82 kg,,,HP
186375,https://www.thegioididong.com/laptop/dell-vostro-3468-i3-7020u-70161069,Dell Vostro 3468 i3 7020U (70161069),11690000,hoc-tap-van-phong,intel core i3 kabylake,7020u,4 gb,hdd: 1 tb,14 inch,hd (1366 x 768),intel® hd graphics 620,",",không,li-ion 4 cell,1.76 kg,4.3,7,Dell
203454,https://www.thegioididong.com/laptop/dell-inspiron-3480-i3-8145u-4gb-1tb-win10-nt4x01,Dell Inspiron 3480 i3 8145U (NT4X01),12290000,hoc-tap-van-phong,intel core i3 coffee lake,8145u,4 gb,hỗ trợ khe cắm ssd m.2 pcie,14 inch,hd (1366 x 768),intel® uhd graphics 620,"hdmi,",không,li-ion 3 cell,1.72 kg,4,1,Dell
216292,https://www.thegioididong.com/laptop/lenovo-ideapad-s145-81w8001xvn,Lenovo IdeaPad S145 15IIL i3 1005G1 (81W8001XVN),11490000,hoc-tap-van-phong,intel core i3 ice lake,1005g1,4 gb,ssd 256gb nvme pcie,15.6 inch,full hd (1920 x 1080),intel uhd graphics,",",không,li-ion 2 cell,1.79kg,,,Lenovo
202561,https://www.thegioididong.com/laptop/laptop-lenovo-s340-81n70064vn,Lenovo Ideapad S340 14IWL i3 8145U (81N70064VN),12690000,hoc-tap-van-phong,intel core i3 coffee lake,8145u,8 gb,hỗ trợ khe cắm ssd m.2 pcie,14 inch,full hd (1920 x 1080),intel® uhd graphics 620,",",không,li-ion 3 cell,1.55 kg,0,0,Lenovo
203457,https://www.thegioididong.com/laptop/lenovo-ideapad-s340-14iwl-i5-8265u-8gb-1tb-mx230-w,Lenovo Ideapad S340 14IWL i5 8265U (81N7006HVN),15490000,hoc-tap-van-phong,intel core i5 coffee lake,8265u,8 gb,hỗ trợ khe cắm ssd m.2 pcie,14 inch,full hd (1920 x 1080),nvidia geforce mx230 2gb,",",không,li-ion 3 cell,1.55 kg,5,1,Lenovo
204049,https://www.thegioididong.com/laptop/hp-pavilion-x360-dh0103tu-i3-8145u-4gb-1tb-touch-w,HP Pavilion x360 dh0103TU i3 8145U (6ZF24PA),12990000,hoc-tap-van-phong,intel core i3 coffee lake,8145u,4 gb,hỗ trợ khe cắm ssd m.2 sata3,14 inch,full hd (1920 x 1080),intel® uhd graphics 620,",",không,li-ion 3 cell,1.65 kg,1.3,3,HP
195381,https://www.thegioididong.com/laptop/hp-15-da0443tx-i3-7020u-4gb-1tb-mx110-win10-5sl06,HP 15 da0443TX i3 7020U (5SL06PA),11690000,hoc-tap-van-phong,intel core i3 kabylake,7020u,4 gb,hdd: 1 tb,15.6 inch,full hd (1920 x 1080),"nvidia geforce mx110, 2gb","hdmi,",không,li-ion 3 cell,1.77 kg,3.2,11,HP
162914,https://www.thegioididong.com/laptop/dell-inspiron-5570-m5i5238w-office365,Dell Inspiron 5570 i5 8250U (M5I5238W),17990000,hoc-tap-van-phong,intel core i5 kabylake refresh,8250u,4 gb,hdd: 1 tb,15.6 inch,full hd (1920 x 1080),"amd radeon 530, 2 gb",",",có,li-ion 3 cell,2.3 kg,2.8,14,Dell
177770,https://www.thegioididong.com/laptop/hp-15-da0054tu-4me68pa,HP 15 da0054TU i3 7020U (4ME68PA),10690000,hoc-tap-van-phong,intel core i3 kabylake,7020u,4 gb,hỗ trợ khe cắm ssd m.2 sata3,15.6 inch,full hd (1920 x 1080),intel® hd graphics 620,",",không,li-ion 3 cell,1.77 kg,2.7,19,HP
189366,https://www.thegioididong.com/laptop/dell-vostro-3568-vti32072w,Dell Vostro 3568 i3 7020U (VTI32072W),11890000,hoc-tap-van-phong,intel core i3 kabylake,7020u,4 gb,hdd: 1 tb sata3,15.6 inch,hd (1366 x 768),intel® hd graphics 620,",",không,li-ion 4 cell,2.18 kg,5,1,Dell
204635,https://www.thegioididong.com/laptop/hp-pavilion-15-cs2032tu-i3-8145u-4gb-1tb-156f-win1,HP Palivion 15 cs2032TU i3 8145U (6YZ04PA),13290000,hoc-tap-van-phong,intel core i3 coffee lake,8145u,4 gb,hỗ trợ khe cắm ssd m.2 sata3,15.6 inch,full hd (1920 x 1080),intel® uhd graphics 620,",",không,li-ion 3 cell,1.75 kg,,,HP
197626,https://www.thegioididong.com/laptop/hp-pavilion-14-ce1011tu-i3-8145u-4gb-1tb-win10-5j,HP Pavilion 14 ce1011TU i3 8145U (5JN17PA),12990000,hoc-tap-van-phong,intel core i3 coffee lake,8145u,4 gb,hỗ trợ khe cắm ssd m.2 sata3,14 inch,full hd (1920 x 1080),intel® uhd graphics 620,",",không,li-ion 3 cell,1.53 kg,3.2,5,HP
213534,https://www.thegioididong.com/laptop/dell-vostro-3590-i5-10210u-4gb-1tb-win10-grmgk1,Dell Vostro 3590 i5 10210U (GRMGK1),14790000,hoc-tap-van-phong,intel core i5 comet lake,10210u,4 gb,hỗ trợ khe cắm ssd m.2 pcie,15.6 inch,full hd (1920 x 1080),intel uhd graphics,",",không,li-ion 3 cell,1.99 kg,,,Dell
203074,https://www.thegioididong.com/laptop/asus-s530fa-i5-8265u-8gb-16gb-1tb-win10-bq400t,Asus VivoBook S530FA i5 8265U (BQ400T),18390000,hoc-tap-van-phong,intel core i5 coffee lake,8265u,8 gb,intel optane 16gb,15.6 inch,full hd (1920 x 1080),intel® uhd graphics 620,",",có,li-ion 3 cell,1.8 kg,5,1,Asus
216286,https://www.thegioididong.com/laptop/hp-15s-du1035tx-i5-8rk36pa,Hp 15s du1035TX i5 10210U (8RK36PA),17390000,hoc-tap-van-phong,intel core i5 comet lake,10210u,8 gb,ssd 512 gb m.2 pcie,15.6 inch,full hd (1920 x 1080),"nvidia geforce mx130, 2gb",",",không,li-ion 3 cell,1.744 kg,,,HP
189385,https://www.thegioididong.com/laptop/dell-inspiron-3476-8j61p11,Dell Inspiron 3476 i3 8130U (8J61P11),11990000,hoc-tap-van-phong,intel core i3 kabylake refresh,8130u,4 gb,hdd: 1 tb sata3,14 inch,hd (1366 x 768),intel® uhd graphics 620,",",không,li-ion 4 cell,1.97 kg,1,2,Dell
196983,https://www.thegioididong.com/laptop/hp-pavilion-15-cs1044tx-i5-8265u-4gb-1tb-2gb-mx130,HP Pavilion 15 cs1044TX i5 8265U (5JL26PA),16390000,hoc-tap-van-phong,intel core i5 coffee lake,8265u,4 gb,hdd: 1 tb,15.6 inch,full hd (1920 x 1080),"nvidia geforce mx130, 2gb",",",không,li-ion 3 cell,1.87 kg,1.8,13,HP
213524,https://www.thegioididong.com/laptop/lenovo-ideapad-c340-14iml-i3-10110u-8gb-512gb-touc,Lenovo IdeaPad C340 14IML i3 10110U (81TK007PVN),16290000,hoc-tap-van-phong,intel core i3 comet lake,10110u,8 gb,ssd 512 gb m.2 pcie,14 inch,full hd (1920 x 1080),intel uhd graphics,",",có,li-ion 4 cell,1.59 kg,,,Lenovo
214913,https://www.thegioididong.com/laptop/asus-vivobook-d409d-r3-ek119t,Asus VivoBook D409D R3 3200U (EK119T),9990000,hoc-tap-van-phong,amd ryzen 3,3200u,4 gb,ssd 256gb nvme pcie,14 inch,full hd (1920 x 1080),amd radeon™ vega 3 graphics,"hdmi,",không,li-ion 2 cell,1.6 kg,,,Asus
213568,https://www.thegioididong.com/laptop/dell-vostro-3590-i3-10110u-4gb-1tb-win10-v5i3505w,Dell Vostro 3590 i3 10110U (V5I3505W),12990000,hoc-tap-van-phong,intel core i3 comet lake,10110u,4 gb,hỗ trợ khe cắm ssd m.2 sata3,15.6 inch,hd (1366 x 768),intel uhd graphics,",",không,li-ion 3 cell,2.17 kg,,,Dell
211631,https://www.thegioididong.com/laptop/acer-aspire-a514-52-516k-i5-10210u-4gb-256gb-win10,Acer Aspire A514 52 516K i5 10210U (NX.HMHSV.002),14490000,hoc-tap-van-phong,intel core i5 comet lake,10210u,4 gb,ssd 256gb nvme pcie,14 inch,full hd (1920 x 1080),intel® uhd graphics 620,",",có,li-ion 3 cell,1.6 kg,4.5,2,Acer
214721,https://www.thegioididong.com/laptop/dell-inspiron-3493-i5-1035g1-4gb-1tb-win10-n4i513,Dell Inspiron 3493 i5 1035G1 (N4I5136W),13990000,hoc-tap-van-phong,intel core i5 ice lake,1035g1,4 gb,hỗ trợ khe cắm ssd m.2 pcie,14 inch,full hd (1920 x 1080),intel uhd graphics,",",không,polymer 3 cell,1.79 kg,0,0,Dell
204048,https://www.thegioididong.com/laptop/hp-pavilion-15-cs2057tx-i5-8265u-4gb-1tb-mx130-win,HP Pavilion 15 cs2057TX i5 8265U 6YZ20PA),16290000,hoc-tap-van-phong,intel core i5 coffee lake,8265u,4 gb,hỗ trợ khe cắm ssd m.2 sata3,15.6 inch,full hd (1920 x 1080),"nvidia geforce mx130, 2gb",",",không,li-ion 3 cell,1.75 kg,2.7,6,HP
175159,https://www.thegioididong.com/laptop/dell-inspiron-3576-i5-8250u-70157552,Dell Inspiron 3576 i5 8250U (70157552),15790000,hoc-tap-van-phong,intel core i5 kabylake refresh,8250u,4 gb,hdd: 1 tb,15.6 inch,full hd (1920 x 1080),"amd radeon 520, 2gb","hdmi,",không,li-ion 4 cell,2.3 kg,2.4,26,Dell
166856,https://www.thegioididong.com/laptop/dell-vostro-3578-p63f002v78b,Dell Vostro 3578 i5 8250U (P63F002V78B),16490000,hoc-tap-van-phong,intel core i5 kabylake refresh,8250u,4 gb,hdd: 1 tb,15.6 inch,full hd (1920 x 1080),"amd radeon 520, 2gb","hdmi,",không,li-ion 4 cell,2.2 kg,2.5,18,Dell
204634,https://www.thegioididong.com/laptop/hp-14-ck0068tu-i3-7020u-4gb-500gb-14-win10-4me90p,HP 14 ck0068TU i3 7020U (4ME90PA),10390000,hoc-tap-van-phong,intel core i3 kabylake,7020u,4 gb,hỗ trợ khe cắm ssd m.2 sata3,14 inch,hd (1366 x 768),intel® uhd graphics 620,",",không,li-ion 3 cell,1.56 kg,,,HP
213095,https://www.thegioididong.com/laptop/dell-inspiron-3581-i3-7020u-4gb-1tb-win10-p75f005,Dell Inspiron 3581 i3 7020U (P75F005N81A),11990000,hoc-tap-van-phong,intel core i3 coffee lake,7020u,4 gb,hỗ trợ khe cắm ssd m.2 pcie,15.6 inch,full hd (1920 x 1080),intel® uhd graphics 620,",",không,li-ion 3 cell,2.28 kg,,,Dell
203744,https://www.thegioididong.com/laptop/dell-inspiron-5584-i5-8265u-4gb-1tb-mx130-win10-n,Dell Inspiron 5584 i5 8265U (N5I5384W),16990000,hoc-tap-van-phong,intel core i5 coffee lake,8265u,4 gb,hỗ trợ khe cắm ssd m.2 pcie,15.6 inch,full hd (1920 x 1080),"nvidia geforce mx130, 2gb","hdmi,",có,li-ion 3 cell,1.95kg,,,Dell
203075,https://www.thegioididong.com/laptop/asus-s430fn-i5-8265u-8gb-256gb-mx150-win10-eb032t,Asus VivoBook S430FN i5 8265U (EB032T),19490000,hoc-tap-van-phong,intel core i5 coffee lake,8265u,8 gb,ssd: 256 gb m.2 sata3,14 inch,full hd (1920 x 1080),"nvidia geforce mx150, 2gb",",",có,li-ion 3 cell,1.4 kg,4.4,7,Asus
203137,https://www.thegioididong.com/laptop/asus-s530f-i7-8565u-8gb-16gb-1tb-mx150-bq550t,Asus VivoBook S530F i7 8565U (BQ550T),21090000,hoc-tap-van-phong,intel core i7 coffee lake,8565u,8 gb,intel optane 16gb,15.6 inch,full hd (1920 x 1080),"nvidia geforce mx150, 2gb",",",có,li-ion 3 cell,1.8 kg,0,0,Asus
213539,https://www.thegioididong.com/laptop/dell-inspiron-3593-i7-1065g7-8gb-512gb-2gb-mx230-w,Dell Inspiron 3593 i7 1065G7 (70197459),22390000,hoc-tap-van-phong,intel core i7 ice lake,1065g7,8 gb,ssd 512 gb m.2 pcie,15.6 inch,full hd (1920 x 1080),nvidia geforce mx230 2gb,",",không,li-ion 3 cell,2.28 kg,,,Dell
198907,https://www.thegioididong.com/laptop/dell-inspiron-3576-i3-7020u-4gb-1tb-2gb-amd-520-wi,Dell Inspiron 3576 i3 7020U (C5I3133W),12790000,hoc-tap-van-phong,intel core i3 kabylake,7020u,4 gb,hdd: 1 tb sata3,15.6 inch,full hd (1920 x 1080),"amd radeon 520, 2gb","hdmi,",không,li-ion 4 cell,2.3 kg,1.8,6,Dell
145919,https://www.thegioididong.com/laptop/acer-spin-3-sp314-51-39wk-i3-7130u-nxguwsv001,Acer Spin 3 SP314 51 39WK i3 7130U (NX.GUWSV.001),11990000,hoc-tap-van-phong,intel core i3 kabylake,7130u,4 gb,hdd: 500 gb,14 inch,full hd (1920 x 1080),intel® hd graphics 620,",",không,li-ion 3 cell,1.7 kg,4.2,6,Acer
204645,https://www.thegioididong.com/laptop/hp-pavilion-14-ce2041tu-i5-8265u-4gb-1tb-14-win10,HP Palivion 14 ce2041TU i5 8265U (6ZT94PA),14990000,hoc-tap-van-phong,intel core i5 coffee lake,8265u,4 gb,hỗ trợ khe cắm ssd m.2 pcie,14 inch,full hd (1920 x 1080),intel® uhd graphics 620,",",không,li-ion 3 cell,1.59 kg,,,HP
203458,https://www.thegioididong.com/laptop/hp-probook-430-g6-i5-8265u-4gb-256gb-win10-6ux78p,HP Probook 430 G6 i5 8265U (6UX78PA),17990000,hoc-tap-van-phong,intel core i5 coffee lake,8265u,4 gb,ssd 256gb nvme pcie,13.3 inch,hd (1366 x 768),intel® uhd graphics 620,",",có,li-ion 3 cell,1.45 kg,,,HP
205975,https://www.thegioididong.com/laptop/dell-inspiron-5584-i3-8145u-4gb-1tb-win10-7018684,Dell Inspiron 5584 i3 8145U (70186849),14190000,hoc-tap-van-phong,intel core i3 coffee lake,8145u,4 gb,hỗ trợ khe cắm ssd m.2 pcie,15.6 inch,full hd (1920 x 1080),intel® uhd graphics 620,"hdmi,",không,li-ion 3 cell,2.05 kg,,,Dell
212658,https://www.thegioididong.com/laptop/acer-aspire-a315-42-r8px-r3-3200u-8gb-256gb-win10,Acer Aspire A315 42 R8PX R3 3200U (NX.HF9SV.00A),10990000,hoc-tap-van-phong,amd ryzen 3,3200u,8 gb,ssd 256gb nvme pcie,15.6 inch,full hd (1920 x 1080),amd radeon™ vega 3 graphics,",",không,li-ion 2 cell,1.7kg,,,Acer
210200,https://www.thegioididong.com/laptop/acer-switch-sw512-52p-34rs-i3-7130u-4gb-128gb,Acer Switch 5 SW512 52P 34RS i3 7130U (NT.LDTSV.004),15740000,hoc-tap-van-phong,intel core i3 kabylake,7130u,4 gb,ssd 128gb m2 pcie,12 inch,2k(2160 x 1440),intel® uhd graphics 620,",",có,li-ion 2 cell,0.92 kg,,,Acer
217320,https://www.thegioididong.com/laptop/asus-vivobook-a512fl-i5-10210u-8gb-512gb-2gb-mx250,Asus VivoBook A512FL i5 10210U (EJ569T),18990000,hoc-tap-van-phong,intel core i5 comet lake,10210u,8 gb,ssd 512 gb m.2 pcie,15.6 inch,full hd (1920 x 1080),nvidia geforce mx250 2gb,",",có,li-ion 2 cell,1.67 kg,,,Asus
214720,https://www.thegioididong.com/laptop/lenovo-ideapad-s145-15iil-i5-1035g1-8gb-512gb-win1,Lenovo IdeaPad S145 15IIL i5 1035G1 (81W80021VN),15290000,hoc-tap-van-phong,intel core i5 ice lake,1035g1,8 gb,ssd 512 gb m.2 pcie,15.6 inch,full hd (1920 x 1080),intel uhd graphics,",",không,li-ion 2 cell,1.79kg,,,Lenovo
213528,https://www.thegioididong.com/laptop/lenovo-ideapad-s340-15iil-i3-1005g1-8gb-512gb-win1,Lenovo IdeaPad S340 15IIL i3 1005G1 (81VW0042VN),14290000,hoc-tap-van-phong,intel core i3 ice lake,1005g1,8 gb,ssd 512 gb m.2 pcie,15.6 inch,full hd (1920 x 1080),intel uhd graphics,",",không,li-ion 3 cell,1.79 kg,,,Lenovo
205979,https://www.thegioididong.com/laptop/dell-inspiron-3581-i3-7020u-4gb-1tb-amd-520-win10,Dell Inspiron 3581 i3 7020U (N5I3150W),12590000,hoc-tap-van-phong,intel core i3 kabylake,7020u,4 gb,hỗ trợ khe cắm ssd m.2 pcie,15.6 inch,full hd (1920 x 1080),"amd radeon 520, 2gb","hdmi,",không,li-ion 3 cell,2.18 kg,1,1,Dell
203742,https://www.thegioididong.com/laptop/dell-inspiron-5482-i7-8565u-8gb-256gb-touch-win10,Dell Inspiron 5482 i7 8565U (C4TI7007W),26990000,hoc-tap-van-phong,intel core i7 coffee lake,8565u,8 gb,ssd 256gb nvme pcie,14 inch,full hd (1920 x 1080),intel® uhd graphics 620,"hdmi,",có,li-ion 3 cell,1.86 kg,,,Dell
203138,https://www.thegioididong.com/laptop/dell-vostro-5581-i5-8265u-4gb-1tb-office365-win10,Dell Vostro 5581 i5 8265U (70175950),18490000,hoc-tap-van-phong,intel core i5 coffee lake,8265u,4 gb,hỗ trợ khe cắm ssd m.2 pcie,15.6 inch,full hd (1920 x 1080),intel® uhd graphics 620,",",có,li-ion 3 cell,1.9 kg,2,1,Dell
203222,https://www.thegioididong.com/laptop/dell-inspiron-5480-i5-8265u-4gb-1tb-128gb-office-m,Dell Inspiron 14 5480 i5 8265U (X6C891),20490000,hoc-tap-van-phong,intel core i5 coffee lake,8265u,4 gb,hdd: 1 tb + ssd: 128gb,14 inch,full hd (1920 x 1080),"nvidia geforce mx150, 2gb","hdmi,",có,li-ion 3 cell,1.9 kg,2,1,Dell
214711,https://www.thegioididong.com/laptop/asus-vivobook-s14-s431-i7-8565u-8gb-512gb-win10-e,Asus VivoBook S14 S431 i7 8565U (EB131T),22490000,hoc-tap-van-phong,intel core i7 coffee lake,8565u,8 gb,intel optane 32gb (h10),14 inch,full hd (1920 x 1080),intel® uhd graphics 620,",",có,li-ion 2 cell,1.4 kg,,,Asus
203444,https://www.thegioididong.com/laptop/asus-s530fn-i5-8265u-4gb-1tb-mx150-win10-bq128t,Asus VivoBook S530FN i5 8265U (BQ128T),17590000,hoc-tap-van-phong,intel core i5 coffee lake,8265u,4 gb,hỗ trợ khe cắm ssd m.2 sata3,15.6 inch,full hd (1920 x 1080),"nvidia geforce mx150, 2gb",",",có,li-ion 3 cell,1.76 kg,,,Asus
190014,https://www.thegioididong.com/laptop/asus-x407ua-bv351t,Asus VivoBook X407UA i3 7020U (BV351T),9990000,hoc-tap-van-phong,intel core i3 kabylake,7020u,4 gb,hdd: 1 tb,14 inch,hd (1366 x 768),intel® hd graphics 620,"hdmi,",không,li-ion 3 cell,1.5 kg,3.6,14,Asus
200322,https://www.thegioididong.com/laptop/hp-pavilion-x360-cd1018tu-i3-8145u-4gb-1tb-14-touc,HP Pavilion x360 cd1018TU i3 8145U (5HV88PA),13490000,hoc-tap-van-phong,intel core i3 coffee lake,8145u,4 gb,hỗ trợ khe cắm ssd m.2 sata3,14 inch,hd (1366 x 768),intel® uhd graphics 620,",",không,li-ion 3 cell,1.66 kg,5,1,HP
191992,https://www.thegioididong.com/laptop/lenovo-ideapad-330-15ikbr-81de01kwvn,Lenovo Ideapad 330 15IKBR i5 8250U (81DE01KWVN),12490000,hoc-tap-van-phong,intel core i5 kabylake refresh,8250u,4 gb,hdd: 1 tb,15.6 inch,hd (1366 x 768),intel® hd graphics 620,",",không,li-ion 2 cell,2.2 kg,4,1,Lenovo
202990,https://www.thegioididong.com/laptop/dell-vos15-5581-i5-8265-4gb-1tb-mx130-office-vrf6,Dell Vostro 5581 i5 8265U (VRF6J1),19990000,hoc-tap-van-phong,intel core i5 coffee lake,8265u,4 gb,hỗ trợ khe cắm ssd m.2 pcie,15.6 inch,full hd (1920 x 1080),"nvidia geforce mx130, 2gb",",",không,li-ion 3 cell,1.91 kg,,,Dell
213535,https://www.thegioididong.com/laptop/dell-inspiron-5593-i5-1035g1-8gb-512gb-win10-7wgn,Dell Inspiron 5593 i5 1035G1 (7WGNV1),19390000,hoc-tap-van-phong,intel core i5 ice lake,1035g1,8 gb,ssd 512 gb m.2 pcie,15.6 inch,full hd (1920 x 1080),intel uhd graphics,",",có,li-ion 3 cell,2.05 kg,,,Dell
208864,https://www.thegioididong.com/laptop/acer-swift-3-sf314-56-50az-i5-8265u-8gb-256gb-14f,Acer Swift 3 SF314 56 50AZ i5 8265U (NX.H4CSV.008),16790000,hoc-tap-van-phong,intel core i5 coffee lake,8265u,8 gb,ssd 256gb nvme pcie,14 inch,full hd (1920 x 1080),intel® uhd graphics 620,",",có,li-ion 4 cell,1.5 kg,5,2,Acer
204128,https://www.thegioididong.com/laptop/dell-vostro-3480-i3-8145u-4gb-1tb-14-win10-701837,Dell Vostro 3480 i3 8145U (70187706),12590000,hoc-tap-van-phong,intel core i3 coffee lake,8145u,4 gb,hỗ trợ khe cắm ssd m.2 pcie,14 inch,hd (1366 x 768),intel® uhd graphics 620,"hdmi,",không,li-ion 3 cell,1.79 kg,,,Dell
209742,https://www.thegioididong.com/laptop/dell-inspiron-5584-i5-8265u-8gb-1tb-156f-win10-cx,Dell Inspiron 5584 i5 8265U (CXGR01),17790000,hoc-tap-van-phong,intel core i5 coffee lake,8265u,8 gb,hỗ trợ khe cắm ssd m.2 pcie,15.6 inch,full hd (1920 x 1080),intel® uhd graphics 620,",",có,li-ion 3 cell,2.025 kg,,,Dell
204051,https://www.thegioididong.com/laptop/hp-envy-13-aq0027tu-i7-8565u-8gb-256gb-win10-6zf4,HP Envy 13 aq0027TU i7 8565U (6ZF43PA),27490000,hoc-tap-van-phong,intel core i7 coffee lake,8565u,8 gb,ssd 256gb nvme pcie,13.3 inch,full hd (1920 x 1080),intel® uhd graphics 620,",",có,li-ion 4 cell,1.26 kg,,,HP
204647,https://www.thegioididong.com/laptop/hp-pavilion-14-ce2038tu-i5-8265u-4gb-1tb-14f-win10,HP Pavilion 14 ce2038TU i5 8265U (6YZ21PA),15490000,hoc-tap-van-phong,intel core i5 coffee lake,8265u,4 gb,hỗ trợ khe cắm ssd m.2 pcie,14 inch,full hd (1920 x 1080),intel® uhd graphics 620,",",không,li-ion 3 cell,1.59 kg,,,HP
203173,https://www.thegioididong.com/laptop/asus-s430fa-i5-8265u-4gb-1tb-14f-win10-eb075t-xa,Asus VivoBook S430FA i5 8265U (EB075T),16390000,hoc-tap-van-phong,intel core i5 coffee lake,8265u,4 gb,hỗ trợ khe cắm ssd m.2 sata3,14 inch,full hd (1920 x 1080),intel® hd graphics 620,",",có,li-ion 3 cell,1.4 kg,,,Asus
213570,https://www.thegioididong.com/laptop/dell-inspiron-5593-i5-1035g1-8gb-256gb-2gb-mx230-w,Dell Inspiron 5593 i5 1035G1 (N5I5513W),20490000,hoc-tap-van-phong,intel core i5 ice lake,1035g1,8 gb,ssd 256gb nvme pcie,15.6 inch,full hd (1920 x 1080),nvidia geforce mx230 2gb,",",có,li-ion 3 cell,2.05 kg,,,Dell
210661,https://www.thegioididong.com/laptop/acer-swift-3-sf314-41-r4j1-amd-r3-3200u-4gb-256gb,Acer Swift 3 SF314 41 R4J1 R3 3200U (NX.HFDSV.001),12490000,hoc-tap-van-phong,amd ryzen 3,3200u,4 gb,ssd 256gb nvme pcie,14 inch,full hd (1920 x 1080),amd radeon™ vega 3 graphics,",",có,li - polymer 4 cell,1.5 kg,,,Acer
204653,https://www.thegioididong.com/laptop/dell-inspiron-3480-i5-8265u-4gb-1tb-14-win10-n4i5,Dell Inspiron 14 3480 i5 8265U (N4I5107W),13990000,hoc-tap-van-phong,intel core i5 coffee lake,8265u,4 gb,hỗ trợ khe cắm ssd m.2 pcie,14 inch,hd (1366 x 768),intel® uhd graphics 620,"hdmi,",không,li-ion 3 cell,1.66 kg,0,0,Dell
198795,https://www.thegioididong.com/laptop/lenovo-ideapad-530s-14ikb-i7-8550u-8gb-256gb-win10,Lenovo Ideapad 530S 14IKB i7 8550U (81EU00P5VN),20990000,hoc-tap-van-phong,intel core i7 coffee lake,8550u,8 gb,ssd: 256 gb m.2 sata3,14 inch,full hd (1920 x 1080),intel® uhd graphics 620,"hdmi,",có,li-ion 3 cell,1.54 kg,4.8,6,Lenovo
203170,https://www.thegioididong.com/laptop/asus-x407ua-i37020u-4gb-1tb-14-win1-0-bv345t-xam,Asus Vivobook 14 X407UA i3 7020U (BV345T),9690000,hoc-tap-van-phong,intel core i3 kabylake refresh,7020u,4 gb,hdd: 1 tb sata3,14 inch,hd (1366 x 768),intel® uhd graphics 620,"hdmi,",không,li-ion 3 cell,1.55 kg,0,0,Asus
211996,https://www.thegioididong.com/laptop/acer-aspire-3-a315-42-r2ns-r3-3200u-4gb-256gb-win1,Acer Aspire 3 A315 42 R2NS R3 3200U (NX.HF9SV.005),9990000,hoc-tap-van-phong,amd ryzen 3,3200u,4 gb,ssd 256gb nvme pcie,15.6 inch,full hd (1920 x 1080),amd radeon™ vega 3 graphics,",",không,li-ion 2 cell,1.7 kg,4,1,Acer
196907,https://www.thegioididong.com/laptop/hp-pavilion-14-ce1018tu-i5-8265u-4gb-16gb-1tb-14f,HP Pavilion 14 ce1018TU i5 8265U (5RL41PA),16390000,hoc-tap-van-phong,intel core i5 coffee lake,8265u,4 gb,hdd: 1 tb,14 inch,full hd (1920 x 1080),intel® hd graphics 620,",",không,li-ion 3 cell,1.59 kg,3.3,3,HP
210645,https://www.thegioididong.com/laptop/hp-15s-du0107tu-i5-8265u-8gb-256gb-win10-8ec94pa,HP 15s du0107TU i5 8265U (8EC94PA),16390000,hoc-tap-van-phong,intel core i5 coffee lake,8265u,8 gb,ssd 256gb nvme pcie,15.6 inch,full hd (1920 x 1080),intel® uhd graphics 620,",",không,li-ion 3 cell,1.69 kg,,,HP
193392,https://www.thegioididong.com/laptop/lenovo-ideapad-yoga-530-14ikb-7130u,Lenovo Ideapad YOGA 530 14IKB i3 7130U (81EK00MDVN),13490000,hoc-tap-van-phong,intel core i3 kabylake,7130u,4 gb,ssd: 128 gb,14 inch,hd (1366 x 768),intel® uhd graphics 620,",",không,li - polymer 4 cell,1.6 kg,,,Lenovo
212622,https://www.thegioididong.com/laptop/acer-aspire-a514-52-33ab-i3-10110u-4gb-256gb-win10,Acer Aspire A514 52 33AB i3 10110U (NX.HMHSV.001),11990000,hoc-tap-van-phong,intel core i3 comet lake,10110u,4 gb,ssd 256gb nvme pcie,14 inch,full hd (1920 x 1080),intel® uhd graphics 620,",",có,li-ion 3 cell,1.5 kg,,,Acer
195010,https://www.thegioididong.com/laptop/asus-x507ua-i3-7020u-4gb-1tb-win10-ej727t,Asus VivoBook X507UA i3 7020U (EJ727T),10590000,hoc-tap-van-phong,intel core i3 kabylake,7020u,4 gb,hdd: 1 tb,15.6 inch,full hd (1920 x 1080),intel® hd graphics 620,",",không,3705mah - li-ion 3 cell,1.68 kg,3.2,9,Asus
198790,https://www.thegioididong.com/laptop/acer-aspire-a515-53-5112-i5-8265u-4gb-16gb-1tb-win,Acer Aspire A515 53 5112 i5 8265U (NX.H6DSV.002),14490000,hoc-tap-van-phong,intel core i5 coffee lake,8265u,4 gb,intel optane 16gb,15.6 inch,full hd (1920 x 1080),intel® uhd graphics 620,",",không,li-ion 3 cell,2.0 kg,5,1,Acer
201766,https://www.thegioididong.com/laptop/acer-sp513-52n-556v-133fhd-8250u-8gb-256gb-win10hs,Acer Spin SP513 52N 556V i5 8250U (NX.GR7SV.004),21490000,hoc-tap-van-phong,intel core i5 coffee lake,8250u,8 gb,ssd 256gb nvme pcie,13.3 inch,full hd (1920 x 1080),intel® uhd graphics 620,",",có,li-ion 3 cell,1.56 kg,0,0,Acer
208869,https://www.thegioididong.com/laptop/acer-aspire-a515-54-59kt-i5-8265u-4gb-1tb-win10-n,Acer Aspire A515 54 59KT i5 8265U (NX.HFNSV.009),13490000,hoc-tap-van-phong,intel core i5 coffee lake,8265u,4 gb,hỗ trợ khe cắm ssd m.2 pcie,15.6 inch,full hd (1920 x 1080),intel® uhd graphics 620,",",không,li - polymer 3 cell,1.7 kg,,,Acer
204639,https://www.thegioididong.com/laptop/hp-pavilion-15-cs055tx-i5-8265u-4gb-1tb-128gb-2gb,HP Pavilion 15 cs055TX i5 8265U (6ZF22PA),16490000,hoc-tap-van-phong,intel core i5 coffee lake,8265u,4 gb,hdd: 1tb + ssd: 128gb m2,15.6 inch,full hd (1920 x 1080),"nvidia geforce mx130, 2gb",",",không,li-ion 3 cell,1.82 kg,3.5,4,HP
208868,https://www.thegioididong.com/laptop/acer-swift-sf314-56-596e-i5-8265u-4gb-256gb-win10,Acer Swift 3 SF314 56 596E i5 8265U (NX.H4CSV.006),17990000,hoc-tap-van-phong,intel core i5 coffee lake,8265u,4 gb,ssd 256gb nvme pcie,14 inch,full hd (1920 x 1080),intel® uhd graphics 620,",",có,li-ion 4 cell,1.5 kg,,,Acer
195384,https://www.thegioididong.com/laptop/hp-15-da1023tu-i5-8265u-4gb-1tb-win10-5nk81pa,HP 15 da1023TU i5 8265U (5NK81PA),14890000,hoc-tap-van-phong,intel core i5 coffee lake,8265u,4 gb,hỗ trợ khe cắm ssd m.2 pcie,15.6 inch,full hd (1920 x 1080),intel® hd graphics 620,",",không,li-ion 3 cell,2.07 kg,1,5,HP
201765,https://www.thegioididong.com/laptop/acer-sp314-51-51le-14fhd-8250u-4-256gbssd-win10-gr,Acer Spin SP314-51-51LE i5 8250U (NX.GZRSV.002),16490000,hoc-tap-van-phong,intel core i5 coffee lake,8250u,4 gb,ssd: 256 gb m.2 sata3,14 inch,full hd (1920 x 1080),intel® uhd graphics 620,",",không,li-ion 3 cell,1.7 kg,,,Acer
200515,https://www.thegioididong.com/laptop/hp-envy-13-ah1012tu-i7-8565u-8gb-256gb-win10-5hz1,HP Envy 13 ah1012TU i7 8565U (5HZ19PA),27490000,hoc-tap-van-phong,intel core i7 coffee lake,8565u,8 gb,ssd 256gb nvme pcie,13.3 inch,full hd (1920 x 1080),intel® uhd graphics 620,",",có,li-ion 4 cell,1.28 kg,,,HP
202318,https://www.thegioididong.com/laptop/asus-x507ub-br354t,Asus VivoBook X507UB i7 8550U (BR354T),16890000,hoc-tap-van-phong,intel core i7 coffee lake,8550u,4 gb,hỗ trợ bộ nhớ intel® optane™,15.6 inch,hd (1366 x 768),"nvidia geforce mx110, 2gb",",",không,li-ion 3 cell,1.8 kg,,,Asus
201546,https://www.thegioididong.com/laptop/lenovo-ideapad-330-15ikb-i5-8250u-4gb-1tb-win10-8,Lenovo IdeaPad 330 15IKB i5 8250U (81DE024CVN),12990000,hoc-tap-van-phong,intel core i5 coffee lake,8250u,4 gb,hdd: 1 tb sata3,15.6 inch,full hd (1920 x 1080),intel® uhd graphics 620,"hdmi,",không,li - polymer 2 cell,2.2 kg,0,0,Lenovo
204127,https://www.thegioididong.com/laptop/dell-vostro-3481-core-i3-7020u,Dell Vostro 14 3481 i3 7020U (70187645),11990000,hoc-tap-van-phong,intel core i3 kabylake,7020u,4 gb,hỗ trợ khe cắm ssd m.2 pcie,14 inch,hd (1366 x 768),intel® uhd graphics 620,"hdmi,",không,li-ion 3 cell,1.79 kg,,,Dell
195382,https://www.thegioididong.com/laptop/hp-15-da1033tx-i7-8565u-4gb-1tb-mx130-5nk26pa,HP 15 da1033TX i7 8565U (5NK26PA),17890000,hoc-tap-van-phong,intel core i7 coffee lake,8565u,4 gb,hdd: 1 tb,15.6 inch,full hd (1920 x 1080),"nvidia geforce mx130, 2gb",",",không,li-ion 3 cell,2.07 kg,3.7,7,HP
208862,https://www.thegioididong.com/laptop/acer-swift-sf114-32-p8ts-n5000-4gb-64gb-14f-win10,Acer Swift 1 SF114 32 P8TS N5000 (NX.GXQSV.001),8990000,hoc-tap-van-phong,intel pentium,n5000,4 gb,hỗ trợ khe cắm ssd m.2 pcie,14 inch,full hd (1920 x 1080),intel® uhd graphics 605,",",có,li-ion 3 cell,1.3 kg,5,1,Acer
204638,https://www.thegioididong.com/laptop/hp-pavilion-15-cs2056tx-i5-8265u-4gb-1tb-2gb-mx130,HP Palivion 15 cs2056TX i5 8265U (6YZ11PA),15990000,hoc-tap-van-phong,intel core i5 coffee lake,8265u,4 gb,hỗ trợ khe cắm ssd m.2 sata3,15.6 inch,full hd (1920 x 1080),"nvidia geforce mx130, 2gb",",",không,li-ion 3 cell,1.82 kg,,,HP
204636,https://www.thegioididong.com/laptop/hp-pavilion-15-cs2031tu-i3-8145u-4gb-1tb-156-win10,HP Palivion 15 cs2031TU i3 8145U (6YZ03PA),12990000,hoc-tap-van-phong,intel core i3 coffee lake,8145u,4 gb,hỗ trợ khe cắm ssd m.2 sata3,15.6 inch,full hd (1920 x 1080),intel® uhd graphics 620,",",không,li-ion 3 cell,1.75 kg,0,0,HP
211874,https://www.thegioididong.com/laptop/asus-s430fa-i3-8145u-4gb-256gb-14f-win10-eb459t,Asus VivoBook S430FA i3 8145U (EB459T),14490000,hoc-tap-van-phong,intel core i3 coffee lake,8145u,4 gb,ssd 256gb nvme pcie,14 inch,full hd (1920 x 1080),intel® uhd graphics 620,",",có,li-ion 3 cell,1.54 kg,,,Asus
203192,https://www.thegioididong.com/laptop/asus-ux433fn-i5-8265u-8gb-512gb-2gb-mx150-14f-cap,Asus ZenBook 14 UX433FN i5 8265U (A6124T),25490000,hoc-tap-van-phong,intel core i5 coffee lake,8265u,8 gb,ssd 512 gb m.2 pcie,14 inch,full hd (1920 x 1080),"nvidia geforce mx150, 2gb",",",có,li-ion 3 cell,1.19 kg,,,Asus
201791,https://www.thegioididong.com/laptop/asus-x507uf-ej074t,Asus Vivobook 15 X507UF i7 8550U (EJ074T),17190000,hoc-tap-van-phong,intel core i7 coffee lake,8550u,4 gb,hỗ trợ khe cắm ssd m.2,15.6 inch,full hd (1920 x 1080),"nvidia geforce mx130, 2gb",",",không,li-ion 3 cell,1.8 kg,,,Asus
204130,https://www.thegioididong.com/laptop/dell-vostro-3480-i5-8265u-8gb-1tb-14-win10-7018377,Dell Vostro 3480 i5 8265U (70187708),15490000,hoc-tap-van-phong,intel core i5 coffee lake,8265u,8 gb,hỗ trợ khe cắm ssd m.2 pcie,14 inch,hd (1366 x 768),intel® uhd graphics 620,"hdmi,",không,li-ion 3 cell,1.79 kg,,,Dell
204131,https://www.thegioididong.com/laptop/asus-x507uf-ej079t,Asus VivoBook X507UF i7 8550U (EJ079T),16690000,hoc-tap-van-phong,intel core i7 coffee lake,8550u,4 gb,hỗ trợ khe cắm ssd m.2 sata3,15.6 inch,full hd (1920 x 1080),"nvidia geforce mx130, 2gb",",",không,li-ion 3 cell,1.68 kg,,,Asus
202306,https://www.thegioididong.com/laptop/asus-s530un-i5-8265u-4gb-1tb-mx150-win10-bq263t,Asus VivoBook S530UN i5 8250U (BQ263T),17590000,hoc-tap-van-phong,intel core i5 coffee lake,8250u,4 gb,hỗ trợ khe cắm ssd m.2 sata3,15.6 inch,full hd (1920 x 1080),"nvidia geforce mx150, 2gb",",",có,li-ion 3 cell (4240mah),1.8 kg kèm pin,0,0,Asus
212305,https://www.thegioididong.com/laptop/dell-inspiron-7591-i5-9300h-8gb-256gb-4gb-gtx1050,Dell Inspiron 7591 i5 9300H (N5I5591W),26990000,hoc-tap-van-phong,intel core i5 coffee lake,9300h,8 gb,ssd 256gb nvme pcie,15.6 inch,full hd (1920 x 1080),"nvidia geforce gtx 1050, 3gb",",",có,li-ion 3 cell,2 kg,,,Dell
175844,https://www.thegioididong.com/laptop/acer-aspire-e5-476-50sz-nxh33sv001,Acer Aspire E5 476 50SZ i5 8250U (NX.H33SV.001),12990000,hoc-tap-van-phong,intel core i5 kabylake refresh,8250u,4 gb,intel optane 16gb,14 inch,full hd (1920 x 1080),intel® uhd graphics 620,",",không,li-ion 4 cell,1.85 kg,3.3,21,Acer
201930,https://www.thegioididong.com/laptop/asus-x507uf-i3-8130u-4gb-1tb-mx130-win10-ej117t,Asus VivoBook X507UF i3 8130U (EJ117T),12290000,hoc-tap-van-phong,intel core i3 coffee lake,8130u,4 gb,hỗ trợ khe cắm ssd m.2 sata3,15.6 inch,hd (1366 x 768),"nvidia geforce mx130, 2gb",",",không,li-ion 3 cell,1.68 kg,3,4,Asus
210256,https://www.thegioididong.com/laptop/hp-14s-amd-ryzen-3-3200u-4gb-1tb-win10-7vh92pa,HP 14s dk0097au R3 3200U (7VH92PA),8990000,hoc-tap-van-phong,amd ryzen 3,3200u,4 gb,hỗ trợ khe cắm ssd m.2 pcie,14 inch,hd (1366 x 768),amd radeon™ vega 3 graphics,",",không,li-ion 3 cell,"1,47 kg",0,0,HP
204126,https://www.thegioididong.com/laptop/dell-vostro-13-5370-i5-7m6d51,Dell Vostro 5370 i5 8250U (7M6D51),20590000,hoc-tap-van-phong,intel core i5 coffee lake,8265u,4 gb,ssd: 256 gb m2,13.3 inch,full hd (1920 x 1080),intel® uhd graphics 620,"hdmi,",có,li-ion 3 cell,2.0 kg,,,Dell
203672,https://www.thegioididong.com/laptop/asus-vivobook-s530fn-i7-8565u-8gb-512gb-mx150-win1,Asus VivoBook S530FN i7 8565U (BQ593T),23090000,hoc-tap-van-phong,intel core i7 coffee lake,8565u,8 gb,ssd 512 gb m.2 pcie,15.6 inch,full hd (1920 x 1080),"nvidia geforce mx150, 2gb",",",có,li-ion 3 cell,1.8 kg,4.7,7,Asus
161558,https://www.thegioididong.com/laptop/acer-swift-sf314-54-51ql-nxgxzsv001,Acer Swift 3 SF314 54 51QL i5 8250U (NX.GXZSV.001),16290000,hoc-tap-van-phong,intel core i5 kabylake refresh,8250u,4 gb,hdd: 1 tb,14 inch,full hd (1920 x 1080),intel® hd graphics 620,",",có,li-ion 4 cell,1.5 kg,3.7,3,Acer
204857,https://www.thegioididong.com/laptop/hp-probook-430-g6-i5-8265u-4gb-1tb-133-win10-5ym9,HP Probook 13 i5 8265U (5YM98PA),17490000,hoc-tap-van-phong,intel core i5 coffee lake,8265u,4 gb,hỗ trợ khe cắm ssd m.2 sata3,13.3 inch,hd (1366 x 768),intel® uhd graphics 620,",",không,li-ion 3 cell,1.52 kg,,,HP
217440,https://www.thegioididong.com/laptop/lenovo-ideapad-s340-i5-81vw00a8vn,Lenovo IdeaPad S340 15IIL i5 1035G4 (81VW00A8VN),16290000,hoc-tap-van-phong,intel core i5 ice lake,1035g4,8 gb,ssd 512 gb m.2 pcie,15.6 inch,full hd (1920 x 1080),intel® iris® plus graphics,",",không,li-ion 3 cell,1.79 kg,,,Lenovo
201768,https://www.thegioididong.com/laptop/acer-a514-51-58zj-14hd-8265-4gb-1tb-16gb-win10-sil,Acer Aspire A514 51 58ZJ i5 8265U (NX.H6XSV.001),14990000,hoc-tap-van-phong,intel core i5 coffee lake,8265u,4 gb,intel optane 16gb,14 inch,hd 720 (1280 x 720),intel® uhd graphics 620,",",không,li-ion 3 cell,1.9 kg,,,Acer
217441,https://www.thegioididong.com/laptop/lenovo-ideapad-s340-i7-81vw007avn,Lenovo IdeaPad S340 15IIL i7 1065G7 (81VW007AVN),19290000,hoc-tap-van-phong,intel core i7 ice lake,1065g7,8 gb,ssd 512 gb m.2 pcie,15.6 inch,full hd (1920 x 1080),intel® iris® plus graphics,",",không,li-ion 3 cell,1.79 kg,,,Lenovo
204642,https://www.thegioididong.com/laptop/hp-envy-13-aq0032tx-i7-8565u-8gb-256gb-2gb-mx250-1,HP Envy 13 aq0032TX i7 8565U (6ZF26PA),28790000,hoc-tap-van-phong,intel core i7 coffee lake,8565u,8 gb,ssd 256gb nvme pcie,13.3 inch,full hd (1920 x 1080),nvidia geforce mx250 2gb,",",có,li-ion 4 cell,1.26 kg,,,HP
202307,https://www.thegioididong.com/laptop/asus-s530un-bq255t,Asus VivoBook S530UN i5 8250U (BQ255T),18190000,hoc-tap-van-phong,intel core i5 coffee lake,8250u,4 gb,ssd: 256 gb m.2 sata3,15.6 inch,full hd (1920 x 1080),"nvidia geforce mx150, 2gb",",",có,li-ion 3 cell (4240mah),1.76 kg kèm pin,,,Asus
201784,https://www.thegioididong.com/laptop/asus-x407ub-bv147t,Asus VivoBook X407UB i7 8550U (BV147T),16190000,hoc-tap-van-phong,intel core i7 coffee lake,8550u,4 gb,hỗ trợ khe cắm ssd m.2 sata3,14 inch,hd (1366 x 768),"nvidia geforce mx110, 2gb","hdmi,",không,li-ion 3 cell,1.54 kg,,,Asus
201767,https://www.thegioididong.com/laptop/acer-a514-51-37zd-14hd-8145-4gb-500gb-win10-silver,Acer Aspire A514 51 37ZD i3 8145 (NX.H6USV.003),11790000,hoc-tap-van-phong,intel core i3 coffee lake,8145u,4 gb,hỗ trợ khe cắm ssd m.2 pcie,14 inch,hd 720 (1280 x 720),intel® uhd graphics 620,",",không,li - polymer 2 cell,1.9 kg,,,Acer
204637,https://www.thegioididong.com/laptop/hp-pavilion-15-cs2033tu-i5-8265u-4gb-1tb-156f-win1,HP Palivion 15 cs2033TU i5 8265U (6YZ14PA),14990000,hoc-tap-van-phong,intel core i5 coffee lake,8265u,4 gb,hỗ trợ khe cắm ssd m.2 sata3,15.6 inch,full hd (1920 x 1080),intel® uhd graphics 620,",",không,li-ion 3 cell,1.75 kg,0,0,HP
184139,https://www.thegioididong.com/laptop/acer-aspire-e5-576g-52yq-nxgwnsv001,Acer Aspire E5 576G 52YQ i5 8250U (NX.GWNSV.001),14890000,hoc-tap-van-phong,intel core i5 kabylake refresh,8250u,4 gb,hdd: 1 tb,15.6 inch,full hd (1920 x 1080),"nvidia geforce mx130, 2gb",",",không,li-ion 4 cell,2.23 kg,3.7,14,Acer
204374,https://www.thegioididong.com/laptop/dell-vostro-5581-i5-8265u-8gb-1tb-win10-70175957,Dell Vostro 5581 i5 8265U (70175957),20790000,hoc-tap-van-phong,intel core i5 coffee lake,8265u,8 gb,hỗ trợ khe cắm ssd m.2 pcie,15.6 inch,full hd (1920 x 1080),intel® uhd graphics 620,"hdmi,",có,li-ion 3 cell,1.9 kg,,,Dell
204132,https://www.thegioididong.com/laptop/asus-s530ua-bq278t,Asus VivoBook S530UA i5 8250U (BQ278T),16190000,hoc-tap-van-phong,intel core i5 coffee lake,8250u,4 gb,hỗ trợ khe cắm ssd m.2 sata3,15.6 inch,full hd (1920 x 1080),intel® uhd graphics 620,",",không,li-ion 3 cell,1.8 kg,,,Asus
204656,https://www.thegioididong.com/laptop/dell-vostro-5481-i5-8265u-4gb-1tb-14f-office365,Dell Vostro 14 5481 i5 8265U (V4I5229W),17990000,hoc-tap-van-phong,intel core i5 coffee lake,8265u,4 gb,hdd: 1 tb,14 inch,full hd (1920 x 1080),intel® uhd graphics 620,"hdmi,",có,li-ion 3 cell,1.7 kg,,,Dell
204854,https://www.thegioididong.com/laptop/hp-pavilion-15-cs2035tu-i5-8265u-4gb-256gb-156f-6,HP Palivion 15 cs2035TU i5 8265U (6YZ08PA),16290000,hoc-tap-van-phong,intel core i5 coffee lake,8265u,4 gb,ssd 256gb nvme pcie,15.6 inch,full hd (1920 x 1080),intel® uhd graphics 620,",",không,li-ion 3 cell,1.59 kg,2.5,2,HP
203172,https://www.thegioididong.com/laptop/asus-s430fa-i5-8265u-4gb-1tb-14f-win10-eb074t-van,Asus VivoBook S430FA i5 8265U (EB074T),15890000,hoc-tap-van-phong,intel core i5 coffee lake,8265u,4 gb,hỗ trợ khe cắm ssd m.2 pcie,14 inch,full hd (1920 x 1080),intel® hd graphics 620,",",có,li-ion 3 cell,1.4 kg,0,0,Asus
204652,https://www.thegioididong.com/laptop/dell-inspiron-5370-i3-8130u-4gb-128gb-133f-win10-n,Dell Inspiron 13 5370 i3 8130U (N3I3002W),15890000,hoc-tap-van-phong,intel core i3 coffee lake,8130u,4 gb,ssd 128gb m2 pcie,13.3 inch,full hd (1920 x 1080),intel® uhd graphics 620,"hdmi,",có,li-ion 3 cell,1.38 kg,1,1,Dell
201527,https://www.thegioididong.com/laptop/acer-swift-3-sf31-51-56uw-i5-8250u-nxh3zsv002,Acer Swift 3 SF313 51 56UW i5 8250U (NX.H3ZSV.002),23990000,hoc-tap-van-phong,intel core i5 coffee lake,8265u,8 gb,ssd 256gb nvme pcie,13.3 inch,full hd (1920 x 1080),intel® uhd graphics 620,",",có,li-ion 4 cell,1.35 kg,,,Acer
184143,https://www.thegioididong.com/laptop/acer-aspire-e5-576g-88ep-nxgwnsv001,Acer Aspire E5 576G 88EP i7 8550U (NX.H2ESV.001),17490000,hoc-tap-van-phong,intel core i7 coffee lake,8550u,4 gb,hdd: 1 tb,15.6 inch,full hd (1920 x 1080),"nvidia geforce mx130, 2gb",",",không,li-ion 4 cell,2.23 kg,3,3,Acer
203191,https://www.thegioididong.com/laptop/asus-ux433fa-i5-8265u-8gb-256gb-14f-cap-tui-win10,Asus ZenBook 14 UX433FA i5 8265U (A6113T),22490000,hoc-tap-van-phong,intel core i5 coffee lake,8265u,8 gb,ssd 256gb nvme pcie,14 inch,full hd (1920 x 1080),intel® uhd graphics 620,",",có,li-ion 3 cell,1.19 kg,,,Asus
204856,https://www.thegioididong.com/laptop/hp-envy-13-aq0025tu-i5-8265u-8gb-128gb-133f-win10,HP Envy 13 aq0025TU i5 8265U (6ZF33PA),21490000,hoc-tap-van-phong,intel core i5 coffee lake,8265u,8 gb,ssd 128gb m2 pcie,13.3 inch,full hd (1920 x 1080),intel® uhd graphics 620,",",có,li-ion 4 cell,1.26 kg,0,0,HP
203175,https://www.thegioididong.com/laptop/asus-s430fa-i5-8265u-4gb-1tb-256gb-14f-win10-eb25,Asus Vivobook S430FA i5 8265U (EB253T),18990000,hoc-tap-van-phong,intel core i5 coffee lake,8265u,4 gb,ssd: 256 gb m2,14 inch,full hd (1920 x 1080),intel® hd graphics 620,",",có,li-ion 3 cell,1.4 kg,,,Asus
204129,https://www.thegioididong.com/laptop/dell-vostro-3480-i5-8265u-4gb-1tb-14-win10-7018377,Dell Vostro 14 3480 i5 8265U (70187647),14490000,hoc-tap-van-phong,intel core i5 coffee lake,8265u,4 gb,hỗ trợ khe cắm ssd m.2 pcie,14 inch,hd (1366 x 768),intel® uhd graphics 620,"hdmi,",không,li-ion 3 cell,1.79 kg,1,1,Dell
201769,https://www.thegioididong.com/laptop/acer-sf315-51-54h0-i5-8250u-4gb-1tb-win10,Acer Swift 3 SF315 51 54H0 i5 8250U (NX.GSKSV.004),16490000,hoc-tap-van-phong,intel core i5 coffee lake,8250u,4 gb,hỗ trợ khe cắm ssd m.2 pcie,15.6 inch,full hd (1920 x 1080),intel® uhd graphics 620,",",có,li - polymer 4 cell,1.7 kg,,,Acer
201785,https://www.thegioididong.com/laptop/asus-x407uf-bv022t,Asus VivoBook X407UF i7 8550U (BV022T),16890000,hoc-tap-van-phong,intel core i7 coffee lake,8550u,4 gb,hỗ trợ khe cắm ssd m.2 sata3,14 inch,hd (1366 x 768),"nvidia geforce mx130, 2gb","hdmi,",không,li-ion 3 cell,1.54 kg,,,Asus
211876,https://www.thegioididong.com/laptop/asus-a512fa-i5-8265u-8gb-1tb-156f-win10-ej202t-b,Asus VivoBook A512FA i5 8265U (EJ202T),15290000,hoc-tap-van-phong,intel core i5 coffee lake,8265u,8 gb,hỗ trợ khe cắm ssd m.2,15.6 inch,full hd (1920 x 1080),intel® uhd graphics 620,",",không,li-ion 2 cell,1.75 kg,4,1,Asus
202324,https://www.thegioididong.com/laptop/hp-15-da1031tx-i5-8265u-4gb-1tb-2gb-mx110-156-win1,HP 15 da1031TX i5 8265U (5NK55PA),14890000,hoc-tap-van-phong,intel core i5 coffee lake,8265u,4 gb,hỗ trợ khe cắm ssd m.2 pcie,15.6 inch,hd (1366 x 768),"nvidia geforce mx110, 2gb","hdmi,",không,li-ion 3 cell,1.77 kg,,,HP
210660,https://www.thegioididong.com/laptop/acer-swift-3-sf314-41-r8sv-amd-r5-3500u-4gb-256gb,Acer Swift 3 SF314 41 R8VS R5 3500U (NX.HFDSV.002),14990000,hoc-tap-van-phong,amd ryzen 5,3500u,4 gb,ssd 256gb nvme pcie,14 inch,full hd (1920 x 1080),amd radeon™ vega 3 graphics,",",có,li - polymer 4 cell,1.5 kg,,,Acer
